funcionario_id,departamento,cargo,idade,sexo,tempo_empresa_meses,salario_mensal,satisfacao_trabalho,satisfacao_ambiente,equilibrio_vida_trabalho,promovido_ultimos_2anos,horas_extras_mes,num_projetos,avaliacao_desempenho,saiu_da_empresa,data_admissao,data_saida
FUN-00001,RH,Coordenador,43,M,50,14397.29,3.0,4,5,1,14,6,2.1,1,2020-10-23,2024-12-01
FUN-00002,Suporte,Júnior,35,F,1,2623.53,4.0,5,3,0,5,6,2.7,0,2024-11-01,
FUN-00003,Operações,Júnior,29,F,22,3441.92,4.0,3,1,0,2,4,3.9,1,2023-02-10,2024-12-01
FUN-00004,Produto,Sênior,29,M,32,13489.71,2.0,2,4,1,4,2,3.5,0,2022-04-16,
FUN-00005,Suporte,Pleno,37,M,46,8023.8,2.0,4,3,0,0,1,3.4,1,2021-02-20,2024-12-01
FUN-00006,Financeiro,Gerente,29,M,56,18432.65,4.0,4,3,0,14,2,5.0,0,2020-04-26,
FUN-00007,RH,Júnior,35,F,64,3170.83,4.0,3,4,0,5,4,,0,2019-08-30,
FUN-00008,Financeiro,Sênior,33,M,1,11765.37,3.0,3,2,0,18,7,3.6,0,2024-11-01,
FUN-00009,Vendas,Coordenador,29,M,11,17779.52,1.0,1,3,0,4,4,4.5,1,2024-01-06,2024-12-01
FUN-00010,Operações,Júnior,30,M,27,2561.48,2.0,3,4,0,0,6,5.0,0,2022-09-13,
FUN-00011,Operações,Pleno,35,F,43,6822.03,3.0,1,2,1,16,4,5.0,0,2021-05-21,
FUN-00012,Engenharia,Júnior,30,M,39,3961.33,3.0,2,2,0,14,6,2.7,0,2021-09-18,
FUN-00013,Financeiro,Sênior,44,F,72,8584.16,4.0,3,4,0,0,3,4.0,0,2019-01-02,
FUN-00014,Suporte,Coordenador,41,F,13,12685.79,3.0,5,3,0,13,7,2.2,0,2023-11-07,
FUN-00015,RH,Sênior,22,F,32,8743.5,3.0,4,3,0,0,6,2.9,0,2022-04-16,
FUN-00016,Engenharia,Júnior,44,M,44,4076.0,4.0,3,1,1,6,2,2.3,0,2021-04-21,
FUN-00017,RH,Pleno,28,F,59,7938.96,1.0,3,4,1,13,1,4.0,0,2020-01-27,
FUN-00018,Produto,Pleno,40,M,9,5161.51,3.0,2,3,0,8,3,3.7,0,2024-03-06,
FUN-00019,Engenharia,Pleno,28,F,1,7231.38,3.0,5,3,0,12,7,4.0,0,2024-11-01,
FUN-00020,Engenharia,Gerente,22,F,23,17235.84,3.0,3,1,0,0,3,3.0,0,2023-01-11,
FUN-00021,Operações,Pleno,43,M,14,6151.35,3.0,3,2,0,8,4,2.4,0,2023-10-08,
FUN-00022,Engenharia,Pleno,34,F,6,2971.33,3.0,4,2,0,8,5,4.2,0,2024-06-04,
FUN-00023,Produto,Sênior,22,F,23,9893.95,5.0,3,2,0,13,5,2.8,0,2023-01-11,
FUN-00024,Vendas,Pleno,29,M,17,5551.14,2.0,1,4,0,0,3,2.8,0,2023-07-10,
FUN-00025,Financeiro,Pleno,29,M,17,6801.39,3.0,3,1,0,6,4,4.1,0,2023-07-10,
FUN-00026,Produto,Pleno,29,M,13,5664.28,3.0,3,4,0,17,7,4.5,0,2023-11-07,
FUN-00027,Marketing,Pleno,24,F,54,6502.91,2.0,3,3,0,16,6,4.0,0,2020-06-25,
FUN-00028,Vendas,Pleno,41,F,70,6746.57,1.0,1,2,1,16,1,3.9,1,2019-03-03,2024-12-01
FUN-00029,Vendas,Sênior,39,M,29,12201.45,1.0,1,1,0,4,3,2.9,1,2022-07-15,2024-12-01
FUN-00030,Engenharia,Gerente,26,F,29,18795.69,2.0,2,3,1,13,5,2.4,0,2022-07-15,
FUN-00031,Suporte,Pleno,26,F,39,5220.58,4.0,2,3,0,15,4,3.7,0,2021-09-18,
FUN-00032,Marketing,Júnior,38,M,26,3281.39,1.0,5,2,0,5,7,3.6,0,2022-10-13,
FUN-00033,RH,Júnior,22,M,53,3573.68,3.0,3,4,0,9,3,4.4,0,2020-07-25,
FUN-00034,Marketing,Júnior,39,M,13,4324.56,4.0,2,4,0,14,6,4.8,0,2023-11-07,
FUN-00035,Suporte,Pleno,39,F,4,5779.16,4.0,4,1,0,10,6,3.7,0,2024-08-03,
FUN-00036,Suporte,Sênior,39,M,20,10465.98,3.0,4,3,1,8,4,3.8,0,2023-04-11,
FUN-00037,Produto,Pleno,26,F,18,7253.87,3.0,2,2,0,12,6,3.0,0,2023-06-10,
FUN-00038,Marketing,Pleno,32,F,42,5570.4,5.0,2,2,0,18,7,4.3,0,2021-06-20,
FUN-00039,Produto,Sênior,33,F,40,9522.5,3.0,3,4,0,13,1,4.4,0,2021-08-19,
FUN-00040,Operações,Júnior,32,F,56,2649.04,2.0,4,3,0,6,7,4.1,1,2020-04-26,2024-12-01
FUN-00041,RH,Sênior,29,F,33,6961.66,3.0,1,2,1,6,1,1.9,0,2022-03-17,
FUN-00042,Operações,Júnior,40,M,10,5696.71,4.0,2,2,0,5,5,3.4,0,2024-02-05,
FUN-00043,Engenharia,Sênior,40,F,10,9614.9,,3,3,0,0,4,2.4,1,2024-02-05,2024-12-01
FUN-00044,Produto,Pleno,45,F,80,5814.98,5.0,3,2,0,13,5,4.9,1,2018-05-07,2024-12-01
FUN-00045,Vendas,Júnior,34,F,43,3716.44,1.0,1,3,0,0,4,3.2,1,2021-05-21,2024-12-01
FUN-00046,Marketing,Júnior,32,F,72,3797.53,3.0,2,1,1,7,4,4.4,0,2019-01-02,
FUN-00047,Engenharia,Júnior,35,M,12,4713.1,4.0,3,1,0,10,2,4.1,0,2023-12-07,
FUN-00048,Suporte,Sênior,41,M,6,11834.02,2.0,3,3,0,14,4,4.7,0,2024-06-04,
FUN-00049,Suporte,Gerente,40,M,37,13081.68,3.0,3,1,0,14,3,4.2,0,2021-11-17,
FUN-00050,Vendas,Sênior,32,F,57,11785.23,1.0,1,1,0,6,4,4.8,0,2020-03-27,
FUN-00051,Produto,Coordenador,28,M,20,12505.03,3.0,2,4,1,5,4,2.8,0,2023-04-11,
FUN-00052,Suporte,Gerente,41,M,28,11555.0,4.0,3,1,0,6,5,3.0,1,2022-08-14,2024-12-01
FUN-00053,Suporte,Sênior,22,F,44,8110.39,2.0,1,2,1,15,1,2.1,1,2021-04-21,2024-12-01
FUN-00054,RH,Júnior,38,F,38,2844.86,3.0,1,3,0,1,5,3.5,0,2021-10-18,
FUN-00055,Marketing,Pleno,32,M,42,7447.62,5.0,3,3,0,16,4,4.8,0,2021-06-20,
FUN-00056,Suporte,Júnior,22,F,47,2201.1,3.0,3,2,0,3,3,4.3,0,2021-01-21,
FUN-00057,Suporte,Júnior,34,F,42,3229.01,2.0,3,4,1,12,7,4.6,0,2021-06-20,
FUN-00058,Operações,Coordenador,26,F,20,11889.65,3.0,2,3,0,7,3,3.0,0,2023-04-11,
FUN-00059,Operações,Coordenador,31,F,1,11113.06,5.0,4,1,0,12,1,2.4,0,2024-11-01,
FUN-00060,RH,Pleno,25,M,36,6017.18,3.0,2,1,0,7,6,3.4,0,2021-12-17,
FUN-00061,Marketing,Júnior,34,F,63,4086.29,2.0,3,3,0,1,5,2.5,0,2019-09-29,
FUN-00062,Financeiro,Júnior,29,F,80,3422.02,4.0,3,5,1,1,7,3.5,0,2018-05-07,
FUN-00063,Vendas,Pleno,30,F,7,6021.76,1.0,1,3,0,9,3,3.9,0,2024-05-05,
FUN-00064,Engenharia,Pleno,27,F,58,5908.75,4.0,4,4,1,9,7,5.0,0,2020-02-26,
FUN-00065,Operações,Gerente,32,M,32,18776.77,2.0,3,3,0,12,1,4.0,0,2022-04-16,
FUN-00066,Marketing,Júnior,31,F,42,3705.9,3.0,1,3,0,8,6,4.1,0,2021-06-20,
FUN-00067,Operações,Sênior,28,M,45,8958.89,2.0,2,4,1,10,1,3.8,1,2021-03-22,2024-12-01
FUN-00068,Vendas,Júnior,33,F,1,3794.54,1.0,1,2,0,9,3,4.7,0,2024-11-01,
FUN-00069,Operações,Pleno,40,M,39,6433.23,3.0,4,1,1,20,1,2.6,0,2021-09-18,
FUN-00070,Engenharia,Pleno,37,M,66,7426.41,2.0,2,2,1,10,7,5.0,0,2019-07-01,
FUN-00071,Financeiro,Sênior,36,M,34,7929.85,2.0,2,2,0,8,3,3.4,0,2022-02-15,
FUN-00072,Operações,Coordenador,39,M,25,14821.28,4.0,3,4,1,17,7,4.2,0,2022-11-12,
FUN-00073,Vendas,Pleno,24,M,72,6310.92,1.0,1,2,1,0,4,4.3,1,2019-01-02,2024-12-01
FUN-00074,Operações,Coordenador,40,M,1,9610.41,2.0,2,2,0,1,2,4.1,1,2024-11-01,2024-12-01
FUN-00075,Vendas,Coordenador,36,F,47,14519.19,1.0,1,3,1,6,7,3.4,0,2021-01-21,
FUN-00076,Suporte,Júnior,35,F,24,3347.52,3.0,3,3,0,20,6,4.4,0,2022-12-12,
FUN-00077,Financeiro,Júnior,48,F,9,3474.23,4.0,2,1,1,9,2,3.4,0,2024-03-06,
FUN-00078,Financeiro,Júnior,38,M,54,3689.47,3.0,2,1,0,5,7,,0,2020-06-25,
FUN-00079,Suporte,Júnior,34,M,40,4732.5,2.0,3,1,1,0,2,3.5,0,2021-08-19,
FUN-00080,Marketing,Sênior,32,F,34,9267.77,3.0,3,2,0,11,4,3.8,0,2022-02-15,
FUN-00081,Vendas,Júnior,27,F,33,4338.04,1.0,1,1,0,13,4,4.7,1,2022-03-17,2024-12-01
FUN-00082,Operações,Pleno,44,F,14,5129.43,4.0,3,3,0,4,2,2.0,0,2023-10-08,
FUN-00083,Vendas,Júnior,26,F,37,2839.32,1.0,2,1,0,22,2,2.2,1,2021-11-17,2024-12-01
FUN-00084,RH,Júnior,31,M,77,3638.61,3.0,2,4,0,6,7,2.4,0,2018-08-05,
FUN-00085,Operações,Sênior,39,F,18,9678.39,3.0,3,3,0,0,4,4.6,0,2023-06-10,
FUN-00086,Marketing,Júnior,45,M,8,4186.55,1.0,3,3,0,6,1,2.3,1,2024-04-05,2024-12-01
FUN-00087,Financeiro,Sênior,35,F,39,7954.92,3.0,4,3,1,8,1,3.2,0,2021-09-18,
FUN-00088,Vendas,Júnior,33,F,37,3652.44,3.0,1,3,0,12,7,2.4,1,2021-11-17,2024-12-01
FUN-00089,Vendas,Júnior,23,F,35,2744.18,1.0,1,1,0,8,1,2.2,1,2022-01-16,2024-12-01
FUN-00090,Marketing,Pleno,26,M,21,6380.39,2.0,4,2,0,13,4,4.3,1,2023-03-12,2024-12-01
FUN-00091,Marketing,Sênior,27,F,59,7134.55,2.0,2,4,1,7,4,3.9,1,2020-01-27,2024-12-01
FUN-00092,Operações,Sênior,38,M,52,14323.4,,4,2,0,0,3,2.8,0,2020-08-24,
FUN-00093,Operações,Sênior,23,M,79,12611.53,3.0,3,3,0,0,2,2.6,0,2018-06-06,
FUN-00094,Marketing,Coordenador,41,M,51,13385.56,3.0,3,1,1,10,6,2.3,0,2020-09-23,
FUN-00095,Vendas,Júnior,41,M,65,3643.92,1.0,1,3,0,5,6,4.3,0,2019-07-31,
FUN-00096,Operações,Júnior,27,F,71,4063.93,3.0,3,1,0,18,1,4.3,1,2019-02-01,2024-12-01
FUN-00097,Vendas,Pleno,35,F,12,5386.27,3.0,1,1,1,7,5,3.2,0,2023-12-07,
FUN-00098,Suporte,Júnior,33,F,23,3612.54,3.0,4,3,0,3,6,3.5,0,2023-01-11,
FUN-00099,Produto,Pleno,22,M,8,7910.91,2.0,4,2,0,4,3,3.0,1,2024-04-05,2024-12-01
FUN-00100,Financeiro,Coordenador,30,M,1,13808.26,4.0,5,1,0,0,2,4.1,1,2024-11-01,2024-12-01
FUN-00101,Engenharia,Pleno,39,M,30,7055.52,4.0,1,4,1,16,5,3.8,0,2022-06-15,
FUN-00102,Marketing,Coordenador,32,M,27,14761.75,2.0,1,2,0,3,6,3.8,1,2022-09-13,2024-12-01
FUN-00103,Engenharia,Pleno,23,M,17,6283.37,2.0,3,3,1,8,5,2.2,0,2023-07-10,
FUN-00104,RH,Pleno,35,M,30,6454.66,2.0,2,1,1,0,1,2.2,0,2022-06-15,
FUN-00105,RH,Pleno,43,F,62,6665.0,3.0,4,2,0,5,6,4.6,0,2019-10-29,
FUN-00106,Suporte,Sênior,27,F,18,10081.86,,2,2,0,6,1,4.5,0,2023-06-10,
FUN-00107,Engenharia,Sênior,22,F,55,11798.68,5.0,2,3,0,14,4,4.4,0,2020-05-26,
FUN-00108,Suporte,Pleno,26,M,38,6749.19,3.0,2,3,1,0,5,1.9,0,2021-10-18,
FUN-00109,Operações,Coordenador,38,M,1,12063.81,3.0,4,3,0,5,7,4.0,0,2024-11-01,
FUN-00110,Financeiro,Júnior,33,M,42,4086.8,3.0,4,2,0,16,6,4.1,1,2021-06-20,2024-12-01
FUN-00111,Operações,Gerente,25,M,21,15308.96,,3,1,0,24,6,3.5,1,2023-03-12,2024-12-01
FUN-00112,Vendas,Sênior,35,M,8,10623.83,1.0,2,3,1,11,3,4.0,1,2024-04-05,2024-12-01
FUN-00113,Marketing,Júnior,23,M,28,4019.13,2.0,2,1,0,11,1,4.9,0,2022-08-14,
FUN-00114,RH,Júnior,33,F,3,2394.64,4.0,2,4,0,3,1,3.8,0,2024-09-02,
FUN-00115,Produto,Sênior,32,M,57,11203.99,5.0,2,2,0,9,6,4.5,1,2020-03-27,2024-12-01
FUN-00116,Engenharia,Júnior,43,F,88,2545.71,3.0,3,3,0,5,5,4.2,0,2017-09-09,
FUN-00117,Engenharia,Júnior,30,F,63,3438.13,3.0,2,1,0,0,6,2.6,0,2019-09-29,
FUN-00118,Produto,Júnior,40,F,2,2824.77,3.0,3,2,0,8,5,3.1,0,2024-10-02,
FUN-00119,Marketing,Júnior,22,F,39,2964.48,2.0,4,5,1,8,5,3.4,0,2021-09-18,
FUN-00120,RH,Júnior,38,M,13,3823.82,4.0,4,1,0,0,5,3.6,0,2023-11-07,
FUN-00121,Produto,Pleno,48,F,35,5312.41,3.0,2,3,0,8,7,2.9,0,2022-01-16,
FUN-00122,Vendas,Coordenador,43,M,9,14230.36,1.0,2,3,1,10,5,3.1,0,2024-03-06,
FUN-00123,Operações,Coordenador,31,F,43,16381.53,4.0,4,3,0,0,3,3.3,1,2021-05-21,2024-12-01
FUN-00124,Vendas,Pleno,22,M,14,7842.43,1.0,1,2,1,18,4,2.9,1,2023-10-08,2024-12-01
FUN-00125,Suporte,Coordenador,36,F,12,12447.27,3.0,2,3,1,16,2,2.8,0,2023-12-07,
FUN-00126,Financeiro,Júnior,35,M,85,3415.69,4.0,1,3,0,5,6,4.5,0,2017-12-08,
FUN-00127,Vendas,Sênior,37,M,27,11979.97,2.0,1,1,0,6,4,2.4,1,2022-09-13,2024-12-01
FUN-00128,Suporte,Gerente,41,F,78,13074.6,3.0,2,2,1,9,7,3.5,0,2018-07-06,
FUN-00129,Operações,Júnior,28,F,16,3644.22,4.0,3,4,0,2,5,3.1,0,2023-08-09,
FUN-00130,Produto,Júnior,37,F,1,3377.79,2.0,2,1,0,7,2,4.7,1,2024-11-01,2024-12-01
FUN-00131,Vendas,Sênior,46,F,22,9602.77,1.0,1,3,0,6,3,3.7,1,2023-02-10,2024-12-01
FUN-00132,Suporte,Pleno,38,F,32,6037.54,4.0,3,2,0,15,2,2.4,0,2022-04-16,
FUN-00133,Financeiro,Gerente,32,F,52,21176.62,2.0,3,2,0,12,7,3.3,0,2020-08-24,
FUN-00134,Suporte,Coordenador,27,M,25,16673.11,2.0,2,3,0,15,6,2.8,1,2022-11-12,2024-12-01
FUN-00135,Suporte,Sênior,42,F,25,9040.97,3.0,1,3,0,0,4,,0,2022-11-12,
FUN-00136,Vendas,Sênior,39,M,19,8312.59,1.0,1,4,1,10,4,2.9,1,2023-05-11,2024-12-01
FUN-00137,Marketing,Pleno,43,F,18,5649.46,3.0,5,3,1,9,4,3.2,0,2023-06-10,
FUN-00138,Suporte,Júnior,33,M,42,3577.28,3.0,2,2,0,16,3,2.2,0,2021-06-20,
FUN-00139,Engenharia,Sênior,24,M,35,10857.47,3.0,4,2,0,5,1,2.7,0,2022-01-16,
FUN-00140,Vendas,Júnior,32,M,1,3834.63,1.0,1,4,0,17,1,3.1,0,2024-11-01,
FUN-00141,Engenharia,Júnior,39,M,46,4101.55,2.0,2,2,0,11,6,4.4,1,2021-02-20,2024-12-01
FUN-00142,Vendas,Júnior,31,F,64,3193.18,2.0,3,1,0,8,5,4.0,1,2019-08-30,2024-12-01
FUN-00143,Engenharia,Sênior,22,F,6,10092.06,2.0,2,3,0,1,3,2.8,0,2024-06-04,
FUN-00144,RH,Júnior,30,M,69,3852.25,3.0,2,2,0,6,1,3.9,0,2019-04-02,
FUN-00145,RH,Sênior,32,M,46,12690.92,3.0,2,4,0,4,7,3.7,0,2021-02-20,
FUN-00146,Engenharia,Júnior,34,M,1,3731.92,3.0,2,1,1,15,5,4.4,0,2024-11-01,
FUN-00147,Produto,Pleno,46,M,57,6936.21,1.0,4,2,0,5,4,3.6,1,2020-03-27,2024-12-01
FUN-00148,Suporte,Gerente,28,F,33,16139.75,2.0,3,1,0,12,2,2.2,0,2022-03-17,
FUN-00149,Marketing,Júnior,29,F,9,3392.79,2.0,1,1,1,8,7,3.7,1,2024-03-06,2024-12-01
FUN-00150,Produto,Gerente,32,F,43,16016.77,2.0,5,3,0,17,2,4.2,0,2021-05-21,
FUN-00151,Financeiro,Júnior,30,M,32,3374.85,2.0,2,3,0,8,5,2.1,0,2022-04-16,
FUN-00152,Financeiro,Pleno,27,M,14,5791.5,3.0,3,3,0,13,5,4.4,1,2023-10-08,2024-12-01
FUN-00153,Engenharia,Júnior,37,F,45,3375.26,1.0,3,1,1,9,6,2.6,0,2021-03-22,
FUN-00154,Produto,Pleno,35,F,42,7587.3,3.0,1,4,0,11,4,3.8,0,2021-06-20,
FUN-00155,Suporte,Júnior,25,F,38,4055.65,4.0,4,3,0,19,4,4.9,0,2021-10-18,
FUN-00156,Engenharia,Coordenador,45,M,36,15078.98,5.0,3,1,1,0,4,4.0,0,2021-12-17,
FUN-00157,Financeiro,Júnior,32,M,32,3297.59,3.0,3,4,0,12,1,4.9,0,2022-04-16,
FUN-00158,Produto,Júnior,31,F,24,2927.64,4.0,3,3,1,19,5,4.2,0,2022-12-12,
FUN-00159,Engenharia,Sênior,40,M,11,10786.58,3.0,3,2,0,3,5,2.4,0,2024-01-06,
FUN-00160,Vendas,Júnior,30,M,13,3197.39,1.0,1,1,0,3,6,3.9,1,2023-11-07,2024-12-01
FUN-00161,Engenharia,Gerente,33,M,39,20287.85,4.0,1,1,1,4,4,3.1,0,2021-09-18,
FUN-00162,Vendas,Júnior,26,F,34,2681.33,1.0,2,5,0,21,7,3.9,1,2022-02-15,2024-12-01
FUN-00163,RH,Coordenador,34,M,47,17347.31,5.0,2,3,0,0,1,3.7,0,2021-01-21,
FUN-00164,RH,Pleno,31,F,29,4046.2,3.0,2,2,1,0,3,3.7,0,2022-07-15,
FUN-00165,Financeiro,Coordenador,32,F,46,9356.34,3.0,2,3,0,5,5,3.5,0,2021-02-20,
FUN-00166,RH,Gerente,31,M,28,20221.19,5.0,5,1,0,1,6,2.5,0,2022-08-14,
FUN-00167,Marketing,Sênior,35,F,21,10801.45,4.0,3,2,0,5,3,4.4,1,2023-03-12,2024-12-01
FUN-00168,Engenharia,Coordenador,40,F,32,9987.72,3.0,2,1,0,9,4,5.0,0,2022-04-16,
FUN-00169,Operações,Pleno,41,F,70,4597.62,1.0,1,2,1,7,3,4.6,1,2019-03-03,2024-12-01
FUN-00170,Vendas,Pleno,35,F,57,5670.94,1.0,1,1,0,0,5,2.3,1,2020-03-27,2024-12-01
FUN-00171,Operações,Pleno,33,F,27,6754.73,3.0,4,2,1,16,2,3.6,0,2022-09-13,
FUN-00172,Vendas,Sênior,39,F,35,8374.7,1.0,1,1,1,2,2,2.7,1,2022-01-16,2024-12-01
FUN-00173,Operações,Coordenador,33,F,1,12349.94,2.0,3,3,1,10,5,4.4,0,2024-11-01,
FUN-00174,Suporte,Júnior,35,M,1,3978.37,4.0,5,2,1,8,3,4.2,0,2024-11-01,
FUN-00175,Vendas,Júnior,24,M,30,3543.39,1.0,1,3,0,5,1,4.6,0,2022-06-15,
FUN-00176,Operações,Pleno,38,F,78,5089.91,4.0,4,3,0,8,4,4.9,0,2018-07-06,
FUN-00177,Suporte,Sênior,33,M,57,7534.58,2.0,3,1,0,11,7,4.4,1,2020-03-27,2024-12-01
FUN-00178,Engenharia,Pleno,36,F,27,5687.84,3.0,3,3,0,17,4,2.0,0,2022-09-13,
FUN-00179,RH,Júnior,22,F,35,4027.17,1.0,3,4,0,0,2,3.6,0,2022-01-16,
FUN-00180,Marketing,Júnior,32,F,48,3640.41,2.0,1,3,0,1,4,4.0,0,2020-12-22,
FUN-00181,Suporte,Sênior,31,M,10,9955.85,,4,1,1,4,5,2.3,0,2024-02-05,
FUN-00182,Vendas,Júnior,48,F,81,4201.86,1.0,1,4,0,4,1,2.8,0,2018-04-07,
FUN-00183,Produto,Pleno,29,F,53,5536.76,4.0,2,2,1,13,1,2.4,0,2020-07-25,
FUN-00184,Produto,Coordenador,37,F,65,11731.29,2.0,2,3,0,9,2,3.7,0,2019-07-31,
FUN-00185,Vendas,Pleno,27,F,39,6050.23,1.0,2,3,0,5,5,2.7,0,2021-09-18,
FUN-00186,Operações,Gerente,35,M,29,14987.07,3.0,2,1,0,7,3,4.1,1,2022-07-15,2024-12-01
FUN-00187,RH,Pleno,37,M,84,7528.64,3.0,2,3,0,9,6,2.9,0,2018-01-07,
FUN-00188,Financeiro,Júnior,30,F,9,2995.43,4.0,2,4,0,12,4,3.0,0,2024-03-06,
FUN-00189,Vendas,Júnior,25,M,33,3146.87,1.0,1,3,1,8,1,4.0,0,2022-03-17,
FUN-00190,Marketing,Júnior,43,M,45,4255.91,3.0,4,2,0,15,1,3.1,1,2021-03-22,2024-12-01
FUN-00191,Produto,Júnior,30,M,46,3482.01,2.0,3,1,1,25,5,3.8,0,2021-02-20,
FUN-00192,Marketing,Júnior,46,M,60,5188.11,4.0,3,2,0,9,5,1.6,0,2019-12-28,
FUN-00193,Produto,Sênior,22,F,47,9500.72,5.0,3,2,0,5,6,4.4,0,2021-01-21,
FUN-00194,Marketing,Júnior,25,M,16,3984.83,5.0,4,2,0,14,2,3.7,0,2023-08-09,
FUN-00195,Operações,Gerente,22,F,35,17175.27,3.0,1,3,0,15,5,3.0,0,2022-01-16,
FUN-00196,Suporte,Sênior,31,F,15,7670.1,2.0,3,2,0,12,1,3.6,0,2023-09-08,
FUN-00197,Marketing,Pleno,30,F,38,6246.71,3.0,1,3,0,5,3,4.4,0,2021-10-18,
FUN-00198,Vendas,Sênior,32,M,4,10870.66,2.0,1,2,0,8,5,4.7,1,2024-08-03,2024-12-01
FUN-00199,Marketing,Sênior,36,M,54,15024.35,3.0,3,4,0,18,7,4.0,0,2020-06-25,
FUN-00200,RH,Pleno,23,M,18,6375.54,3.0,4,2,0,12,5,2.6,0,2023-06-10,
FUN-00201,Vendas,Sênior,35,M,17,9907.11,3.0,1,4,0,6,4,2.3,0,2023-07-10,
FUN-00202,Vendas,Pleno,33,F,9,6674.25,1.0,1,3,0,7,3,3.3,1,2024-03-06,2024-12-01
FUN-00203,Engenharia,Coordenador,39,F,79,11885.87,4.0,4,3,0,16,4,2.6,0,2018-06-06,
FUN-00204,Vendas,Sênior,24,M,42,11517.02,1.0,1,1,0,6,4,2.2,1,2021-06-20,2024-12-01
FUN-00205,Marketing,Coordenador,25,F,65,12041.28,4.0,4,1,1,14,1,,0,2019-07-31,
FUN-00206,Produto,Coordenador,22,M,32,16766.15,2.0,3,3,1,10,6,3.3,0,2022-04-16,
FUN-00207,Operações,Coordenador,31,M,48,10065.89,4.0,2,2,1,4,5,3.5,0,2020-12-22,
FUN-00208,Marketing,Pleno,29,M,57,8739.14,3.0,2,1,1,5,6,4.0,0,2020-03-27,
FUN-00209,Marketing,Sênior,32,F,19,10703.29,3.0,5,4,0,0,4,2.6,0,2023-05-11,
FUN-00210,Marketing,Gerente,25,M,25,26725.77,4.0,3,4,0,8,1,3.8,0,2022-11-12,
FUN-00211,Suporte,Sênior,24,F,8,9150.37,3.0,2,3,1,18,4,4.3,0,2024-04-05,
FUN-00212,Vendas,Sênior,32,F,42,10042.9,1.0,2,2,0,14,5,3.3,1,2021-06-20,2024-12-01
FUN-00213,Financeiro,Gerente,22,M,62,21282.59,5.0,3,3,0,14,1,1.9,1,2019-10-29,2024-12-01
FUN-00214,Financeiro,Sênior,40,F,90,9069.33,2.0,3,2,0,3,5,2.8,0,2017-07-11,
FUN-00215,Produto,Júnior,34,M,42,4494.36,3.0,3,4,1,0,7,2.1,0,2021-06-20,
FUN-00216,Produto,Coordenador,41,M,79,15127.95,5.0,3,3,0,13,5,3.6,0,2018-06-06,
FUN-00217,Operações,Pleno,39,M,47,7321.03,2.0,1,3,0,2,2,4.3,0,2021-01-21,
FUN-00218,Marketing,Sênior,40,F,38,9128.33,2.0,2,2,0,17,6,2.6,1,2021-10-18,2024-12-01
FUN-00219,RH,Pleno,32,M,34,8196.83,3.0,2,1,0,0,5,1.9,0,2022-02-15,
FUN-00220,Vendas,Júnior,41,F,42,3253.48,2.0,1,3,0,5,4,3.0,0,2021-06-20,
FUN-00221,Marketing,Sênior,34,M,13,12787.98,2.0,3,2,0,3,2,3.0,0,2023-11-07,
FUN-00222,Engenharia,Júnior,38,F,35,3064.98,4.0,4,2,1,15,3,1.7,0,2022-01-16,
FUN-00223,Operações,Pleno,29,F,14,5277.05,3.0,4,3,0,12,5,3.6,0,2023-10-08,
FUN-00224,Financeiro,Júnior,38,M,46,3152.7,2.0,2,2,1,9,3,2.4,1,2021-02-20,2024-12-01
FUN-00225,Produto,Sênior,34,M,29,9626.66,5.0,2,2,0,6,1,2.2,0,2022-07-15,
FUN-00226,Produto,Pleno,22,M,49,6838.54,3.0,4,3,0,10,3,2.3,0,2020-11-22,
FUN-00227,Operações,Coordenador,37,M,61,12103.61,5.0,2,3,0,4,1,3.1,0,2019-11-28,
FUN-00228,Suporte,Coordenador,44,F,36,14474.71,2.0,5,2,0,0,7,3.3,0,2021-12-17,
FUN-00229,Vendas,Pleno,28,M,48,6212.84,1.0,1,3,0,0,5,1.0,1,2020-12-22,2024-12-01
FUN-00230,Marketing,Gerente,30,F,74,14619.02,3.0,2,3,0,8,4,3.1,0,2018-11-03,
FUN-00231,Vendas,Pleno,22,F,14,6308.27,1.0,1,3,0,10,5,3.3,0,2023-10-08,
FUN-00232,Produto,Gerente,30,M,51,21298.44,3.0,2,4,1,9,3,2.8,0,2020-09-23,
FUN-00233,Engenharia,Júnior,27,M,39,2768.5,3.0,2,4,1,7,5,3.6,0,2021-09-18,
FUN-00234,Produto,Sênior,25,M,12,9952.47,3.0,2,1,0,9,1,3.5,0,2023-12-07,
FUN-00235,Produto,Gerente,31,F,9,13939.37,3.0,2,5,0,11,5,1.2,1,2024-03-06,2024-12-01
FUN-00236,RH,Júnior,22,M,46,4097.58,2.0,2,2,0,12,5,2.4,0,2021-02-20,
FUN-00237,Engenharia,Pleno,28,F,51,5722.96,4.0,2,4,0,0,3,2.8,0,2020-09-23,
FUN-00238,Suporte,Pleno,24,M,75,6321.44,2.0,5,2,1,10,4,3.2,1,2018-10-04,2024-12-01
FUN-00239,Marketing,Pleno,22,M,15,8600.32,4.0,2,3,0,0,5,3.3,0,2023-09-08,
FUN-00240,Produto,Júnior,22,F,68,3989.25,3.0,4,2,0,5,4,4.1,0,2019-05-02,
FUN-00241,Operações,Pleno,25,F,58,5511.06,3.0,2,3,0,4,3,3.0,0,2020-02-26,
FUN-00242,Suporte,Sênior,33,F,23,10046.84,4.0,2,2,0,6,7,3.9,1,2023-01-11,2024-12-01
FUN-00243,Financeiro,Pleno,22,F,18,6730.91,3.0,2,4,0,12,2,3.9,0,2023-06-10,
FUN-00244,Suporte,Pleno,25,M,53,6008.41,4.0,5,5,1,12,1,1.8,0,2020-07-25,
FUN-00245,Produto,Pleno,28,F,43,6537.0,2.0,2,4,1,13,6,4.0,0,2021-05-21,
FUN-00246,Produto,Júnior,29,M,61,3718.63,2.0,3,3,0,8,4,4.2,1,2019-11-28,2024-12-01
FUN-00247,Vendas,Pleno,29,M,20,6388.48,1.0,1,2,1,18,7,4.8,1,2023-04-11,2024-12-01
FUN-00248,Vendas,Pleno,33,M,50,6644.7,1.0,1,2,0,7,6,3.8,0,2020-10-23,
FUN-00249,Engenharia,Sênior,29,M,59,9567.74,1.0,3,2,1,16,4,4.0,0,2020-01-27,
FUN-00250,Financeiro,Pleno,25,M,74,9323.34,2.0,4,3,0,10,5,3.2,1,2018-11-03,2024-12-01
FUN-00251,Financeiro,Júnior,34,M,54,2834.71,4.0,3,4,0,10,2,3.5,0,2020-06-25,
FUN-00252,Suporte,Sênior,27,F,45,8753.52,3.0,2,5,0,0,4,4.1,0,2021-03-22,
FUN-00253,RH,Sênior,38,M,29,10350.73,4.0,5,4,0,20,3,4.1,0,2022-07-15,
FUN-00254,Financeiro,Pleno,30,M,30,8634.26,,2,1,1,4,2,3.7,0,2022-06-15,
FUN-00255,Vendas,Gerente,29,M,19,20189.42,1.0,3,4,0,6,1,4.0,1,2023-05-11,2024-12-01
FUN-00256,Marketing,Coordenador,30,F,32,15487.08,1.0,3,1,0,0,5,2.5,0,2022-04-16,
FUN-00257,Vendas,Sênior,30,M,58,11542.84,2.0,1,2,0,14,3,3.4,0,2020-02-26,
FUN-00258,Financeiro,Sênior,37,M,53,12942.73,4.0,3,3,0,11,3,3.8,0,2020-07-25,
FUN-00259,Suporte,Pleno,31,M,28,9105.44,3.0,3,3,0,19,7,3.6,0,2022-08-14,
FUN-00260,RH,Sênior,34,F,58,9975.17,2.0,3,2,0,16,3,1.7,0,2020-02-26,
FUN-00261,Marketing,Coordenador,32,M,49,15204.72,4.0,3,3,0,16,3,4.9,0,2020-11-22,
FUN-00262,Vendas,Pleno,29,F,76,5775.78,1.0,1,1,0,0,7,4.4,1,2018-09-04,2024-12-01
FUN-00263,Engenharia,Sênior,37,F,27,9908.77,3.0,2,4,1,22,1,3.1,0,2022-09-13,
FUN-00264,Marketing,Sênior,40,M,43,8085.37,2.0,3,5,0,0,4,3.1,0,2021-05-21,
FUN-00265,Financeiro,Pleno,30,M,35,5001.54,,1,2,0,6,6,4.0,0,2022-01-16,
FUN-00266,Produto,Sênior,42,M,24,12479.93,2.0,3,2,0,22,6,2.3,0,2022-12-12,
FUN-00267,Suporte,Pleno,40,M,55,7096.37,2.0,3,3,0,16,1,4.6,0,2020-05-26,
FUN-00268,Financeiro,Júnior,22,F,8,3195.46,1.0,3,2,0,2,7,3.9,1,2024-04-05,2024-12-01
FUN-00269,Marketing,Sênior,22,M,14,11691.01,4.0,2,2,1,0,2,2.8,0,2023-10-08,
FUN-00270,Produto,Júnior,38,M,70,4385.23,3.0,3,2,1,11,4,3.4,1,2019-03-03,2024-12-01
FUN-00271,Suporte,Júnior,25,M,3,3724.25,3.0,5,2,1,5,7,2.8,0,2024-09-02,
FUN-00272,Produto,Pleno,31,F,39,5225.19,5.0,2,5,0,14,4,2.5,0,2021-09-18,
FUN-00273,Operações,Sênior,38,F,50,12061.51,4.0,2,3,0,14,5,2.8,0,2020-10-23,
FUN-00274,Operações,Júnior,26,F,47,4121.65,2.0,2,2,0,15,3,1.5,0,2021-01-21,
FUN-00275,RH,Pleno,36,M,1,8015.68,2.0,1,2,1,0,6,3.4,0,2024-11-01,
FUN-00276,Marketing,Júnior,22,F,35,3328.02,4.0,3,4,0,14,1,3.7,0,2022-01-16,
FUN-00277,Operações,Sênior,47,F,36,10321.36,4.0,2,3,0,3,5,5.0,0,2021-12-17,
FUN-00278,RH,Sênior,30,M,8,10526.35,1.0,3,1,1,10,3,2.3,0,2024-04-05,
FUN-00279,RH,Júnior,43,M,53,4209.56,2.0,2,3,0,8,5,3.7,1,2020-07-25,2024-12-01
FUN-00280,Suporte,Coordenador,36,F,43,13307.9,2.0,3,4,0,8,3,3.8,0,2021-05-21,
FUN-00281,Operações,Sênior,40,M,12,10766.62,1.0,3,1,1,10,7,4.2,0,2023-12-07,
FUN-00282,Vendas,Sênior,27,F,56,11362.93,2.0,1,4,1,15,5,2.9,0,2020-04-26,
FUN-00283,Operações,Pleno,34,M,22,9426.11,,2,4,0,14,5,4.3,0,2023-02-10,
FUN-00284,Engenharia,Sênior,27,F,36,8443.81,,2,1,0,8,1,3.3,1,2021-12-17,2024-12-01
FUN-00285,Vendas,Júnior,36,F,61,3636.45,1.0,1,5,0,8,4,3.1,0,2019-11-28,
FUN-00286,RH,Pleno,31,F,40,6537.48,3.0,2,1,0,0,4,4.1,0,2021-08-19,
FUN-00287,Produto,Júnior,28,F,34,2532.37,3.0,4,3,0,13,7,3.4,0,2022-02-15,
FUN-00288,Marketing,Sênior,39,F,25,9230.19,2.0,3,3,0,8,6,4.7,0,2022-11-12,
FUN-00289,Engenharia,Pleno,39,M,29,8046.51,2.0,4,2,1,10,5,3.5,0,2022-07-15,
FUN-00290,Produto,Sênior,26,M,8,9217.39,3.0,2,2,0,6,5,3.0,0,2024-04-05,
FUN-00291,Marketing,Coordenador,33,M,3,12781.71,3.0,2,3,0,3,4,3.6,1,2024-09-02,2024-12-01
FUN-00292,Engenharia,Pleno,52,F,40,4393.6,4.0,2,1,1,10,3,2.9,0,2021-08-19,
FUN-00293,RH,Pleno,22,M,42,8091.4,3.0,4,1,0,3,4,2.8,0,2021-06-20,
FUN-00294,RH,Sênior,41,M,42,12956.65,3.0,3,2,1,19,7,2.9,0,2021-06-20,
FUN-00295,Engenharia,Pleno,27,M,90,8322.62,2.0,3,4,0,4,5,4.2,0,2017-07-11,
FUN-00296,Engenharia,Sênior,37,M,1,11476.64,2.0,2,2,0,0,7,3.7,1,2024-11-01,2024-12-01
FUN-00297,Marketing,Sênior,32,F,12,7923.66,3.0,2,4,0,5,7,3.6,1,2023-12-07,2024-12-01
FUN-00298,Operações,Pleno,31,M,21,6234.71,3.0,3,2,0,8,7,3.7,0,2023-03-12,
FUN-00299,Vendas,Pleno,27,M,38,7572.1,1.0,1,3,0,7,2,3.3,1,2021-10-18,2024-12-01
FUN-00300,Vendas,Pleno,36,M,34,6943.04,2.0,1,3,0,12,6,2.9,1,2022-02-15,2024-12-01
FUN-00301,Vendas,Pleno,37,F,59,7873.48,2.0,1,1,1,6,4,3.5,0,2020-01-27,
FUN-00302,Suporte,Júnior,24,M,74,3126.34,3.0,4,1,0,2,4,4.1,0,2018-11-03,
FUN-00303,Produto,Sênior,32,M,8,11334.55,3.0,3,1,0,10,6,3.6,0,2024-04-05,
FUN-00304,Suporte,Pleno,36,M,29,4589.97,3.0,4,3,0,7,6,4.3,0,2022-07-15,
FUN-00305,Marketing,Sênior,38,F,25,10156.16,4.0,4,2,0,19,1,3.2,0,2022-11-12,
FUN-00306,Engenharia,Pleno,34,F,36,4421.5,2.0,4,1,1,7,4,3.9,1,2021-12-17,2024-12-01
FUN-00307,Operações,Pleno,36,F,26,6486.47,5.0,2,2,0,8,5,,0,2022-10-13,
FUN-00308,Engenharia,Pleno,48,F,16,7873.36,4.0,1,2,1,14,5,2.2,0,2023-08-09,
FUN-00309,Marketing,Sênior,26,F,36,8292.16,3.0,1,1,0,8,7,3.4,1,2021-12-17,2024-12-01
FUN-00310,Vendas,Pleno,46,M,25,7408.14,1.0,1,2,0,3,5,3.0,0,2022-11-12,
FUN-00311,Financeiro,Júnior,25,F,75,3878.83,3.0,5,3,0,6,6,4.2,1,2018-10-04,2024-12-01
FUN-00312,RH,Júnior,32,M,34,4093.74,3.0,4,1,0,9,5,2.8,0,2022-02-15,
FUN-00313,Produto,Gerente,34,F,40,17566.02,4.0,3,2,1,13,7,4.3,0,2021-08-19,
FUN-00314,RH,Pleno,47,M,77,8810.08,3.0,2,3,0,5,6,,0,2018-08-05,
FUN-00315,Marketing,Pleno,37,F,6,5689.96,3.0,3,4,0,14,1,4.7,0,2024-06-04,
FUN-00316,RH,Júnior,30,M,38,4565.12,,3,4,0,4,2,2.4,0,2021-10-18,
FUN-00317,Marketing,Júnior,36,F,41,3764.19,3.0,2,4,1,8,4,4.2,0,2021-07-20,
FUN-00318,Vendas,Pleno,26,F,41,6380.76,2.0,1,2,1,11,4,4.0,0,2021-07-20,
FUN-00319,Vendas,Júnior,33,M,25,4116.1,1.0,1,1,1,14,1,3.9,1,2022-11-12,2024-12-01
FUN-00320,Engenharia,Júnior,25,M,19,3948.08,4.0,2,4,0,6,4,4.0,0,2023-05-11,
FUN-00321,Engenharia,Sênior,26,F,57,11039.79,1.0,3,2,1,20,7,,0,2020-03-27,
FUN-00322,Vendas,Coordenador,32,M,45,16948.18,2.0,3,2,1,2,7,1.6,0,2021-03-22,
FUN-00323,RH,Pleno,35,F,52,7000.17,3.0,4,1,1,20,3,2.4,0,2020-08-24,
FUN-00324,Financeiro,Pleno,30,M,4,7719.63,4.0,2,1,0,5,6,3.3,0,2024-08-03,
FUN-00325,Suporte,Pleno,36,M,1,6257.52,2.0,2,3,0,6,4,2.8,1,2024-11-01,2024-12-01
FUN-00326,Suporte,Sênior,24,F,59,9950.63,,3,1,0,6,4,3.5,1,2020-01-27,2024-12-01
FUN-00327,Produto,Pleno,37,M,27,7582.21,3.0,3,2,1,6,6,3.2,0,2022-09-13,
FUN-00328,Operações,Júnior,39,F,36,3788.42,,1,2,0,1,2,2.8,0,2021-12-17,
FUN-00329,RH,Coordenador,22,F,1,9313.74,5.0,3,4,0,17,1,4.0,0,2024-11-01,
FUN-00330,Marketing,Júnior,35,M,44,4537.77,4.0,4,1,0,15,2,3.2,0,2021-04-21,
FUN-00331,RH,Pleno,27,M,61,6079.91,4.0,4,3,0,0,6,3.6,0,2019-11-28,
FUN-00332,Vendas,Júnior,24,F,4,3059.26,3.0,3,2,0,2,5,3.5,1,2024-08-03,2024-12-01
FUN-00333,RH,Júnior,37,M,30,3070.65,3.0,4,4,1,4,4,2.9,0,2022-06-15,
FUN-00334,Produto,Júnior,34,M,28,3825.3,2.0,2,1,0,7,2,4.0,0,2022-08-14,
FUN-00335,Financeiro,Sênior,30,F,64,8371.23,1.0,3,3,0,2,5,3.6,0,2019-08-30,
FUN-00336,RH,Coordenador,38,M,57,10420.96,2.0,2,4,0,5,6,3.3,1,2020-03-27,2024-12-01
FUN-00337,Produto,Coordenador,39,F,31,10845.94,2.0,1,2,1,19,2,2.4,0,2022-05-16,
FUN-00338,Produto,Júnior,43,M,13,3724.86,3.0,3,1,0,0,6,3.6,0,2023-11-07,
FUN-00339,Marketing,Pleno,22,M,44,6397.28,3.0,3,2,0,4,2,3.1,0,2021-04-21,
FUN-00340,Engenharia,Júnior,29,F,51,3527.72,2.0,2,3,0,13,2,3.5,0,2020-09-23,
FUN-00341,Financeiro,Gerente,25,M,1,22129.24,2.0,3,4,1,6,7,3.2,0,2024-11-01,
FUN-00342,Operações,Pleno,32,M,1,6818.39,1.0,4,4,1,4,7,3.1,1,2024-11-01,2024-12-01
FUN-00343,Suporte,Coordenador,33,M,65,12216.32,2.0,2,2,0,1,4,2.4,0,2019-07-31,
FUN-00344,Produto,Sênior,30,F,59,7147.56,2.0,4,2,0,0,5,3.2,0,2020-01-27,
FUN-00345,Operações,Sênior,22,F,1,8441.94,1.0,3,1,0,13,7,3.7,0,2024-11-01,
FUN-00346,Vendas,Sênior,31,M,14,10439.52,1.0,1,3,0,20,1,2.6,0,2023-10-08,
FUN-00347,Vendas,Sênior,34,F,7,9461.13,2.0,2,2,0,6,1,3.0,1,2024-05-05,2024-12-01
FUN-00348,Suporte,Gerente,35,M,54,20977.06,3.0,3,2,0,0,5,4.4,0,2020-06-25,
FUN-00349,Engenharia,Pleno,31,F,53,4974.47,3.0,2,2,0,0,5,3.4,0,2020-07-25,
FUN-00350,Produto,Sênior,32,M,47,8031.13,3.0,2,3,0,10,3,2.7,0,2021-01-21,
FUN-00351,RH,Pleno,25,F,11,6104.19,4.0,3,3,1,0,7,2.7,0,2024-01-06,
FUN-00352,RH,Pleno,28,F,33,4987.9,2.0,3,2,0,10,7,2.8,0,2022-03-17,
FUN-00353,Financeiro,Gerente,32,F,37,20074.52,4.0,3,3,0,7,1,5.0,0,2021-11-17,
FUN-00354,Suporte,Coordenador,33,M,1,9674.71,4.0,1,2,0,9,2,4.8,1,2024-11-01,2024-12-01
FUN-00355,Vendas,Pleno,39,F,12,6102.36,1.0,2,4,1,0,7,2.8,1,2023-12-07,2024-12-01
FUN-00356,RH,Gerente,37,F,45,15780.22,3.0,2,5,0,15,6,2.6,0,2021-03-22,
FUN-00357,Engenharia,Coordenador,25,M,39,14933.32,2.0,3,2,0,15,2,3.3,0,2021-09-18,
FUN-00358,Marketing,Sênior,38,F,1,9603.43,1.0,5,3,1,5,7,2.1,0,2024-11-01,
FUN-00359,Suporte,Pleno,31,F,97,6480.11,3.0,2,4,0,8,5,4.1,0,2016-12-13,
FUN-00360,Marketing,Júnior,29,M,1,5735.17,3.0,2,2,1,13,1,2.8,0,2024-11-01,
FUN-00361,RH,Júnior,28,F,18,3372.6,4.0,2,4,1,7,6,2.4,0,2023-06-10,
FUN-00362,Produto,Júnior,37,M,11,4834.39,2.0,2,1,0,16,4,5.0,1,2024-01-06,2024-12-01
FUN-00363,Engenharia,Júnior,35,M,46,3898.23,4.0,3,2,1,10,6,5.0,0,2021-02-20,
FUN-00364,RH,Júnior,22,M,58,3784.01,3.0,3,1,1,8,4,3.6,0,2020-02-26,
FUN-00365,Suporte,Coordenador,35,F,12,14103.08,3.0,4,3,1,4,5,4.2,0,2023-12-07,
FUN-00366,Marketing,Sênior,33,M,48,10466.82,4.0,1,4,0,4,1,2.2,1,2020-12-22,2024-12-01
FUN-00367,RH,Gerente,44,F,27,15041.52,3.0,2,3,0,5,2,4.4,0,2022-09-13,
FUN-00368,Engenharia,Sênior,41,F,3,9581.3,2.0,2,4,1,8,4,4.3,0,2024-09-02,
FUN-00369,Marketing,Pleno,37,F,60,5654.88,2.0,4,3,0,14,3,4.6,1,2019-12-28,2024-12-01
FUN-00370,Engenharia,Pleno,47,M,50,7078.21,4.0,4,4,0,5,7,3.5,0,2020-10-23,
FUN-00371,Financeiro,Coordenador,22,M,44,12739.58,4.0,3,2,0,6,4,4.1,0,2021-04-21,
FUN-00372,Operações,Júnior,32,F,20,3475.87,2.0,3,3,1,4,7,3.9,0,2023-04-11,
FUN-00373,Engenharia,Pleno,32,F,63,8095.22,5.0,3,4,0,5,5,2.9,0,2019-09-29,
FUN-00374,RH,Pleno,25,F,36,6356.25,3.0,4,2,0,10,1,3.3,0,2021-12-17,
FUN-00375,Operações,Pleno,25,F,6,4417.66,2.0,1,4,0,11,4,2.2,0,2024-06-04,
FUN-00376,Marketing,Coordenador,35,F,57,13571.88,2.0,2,1,0,14,7,3.8,1,2020-03-27,2024-12-01
FUN-00377,Engenharia,Sênior,37,M,45,10704.73,3.0,4,3,1,2,1,3.7,0,2021-03-22,
FUN-00378,Vendas,Sênior,49,F,28,8969.93,1.0,2,3,0,12,5,4.3,0,2022-08-14,
FUN-00379,Produto,Gerente,37,F,14,21372.35,4.0,3,4,0,12,7,2.7,0,2023-10-08,
FUN-00380,Marketing,Pleno,26,M,35,8732.11,3.0,2,2,1,20,6,2.8,0,2022-01-16,
FUN-00381,Vendas,Júnior,38,M,1,4150.73,1.0,2,2,0,1,5,2.7,0,2024-11-01,
FUN-00382,Engenharia,Júnior,35,F,51,3693.18,5.0,2,2,1,18,3,2.3,0,2020-09-23,
FUN-00383,Suporte,Júnior,40,F,12,3007.21,3.0,4,1,0,12,4,,0,2023-12-07,
FUN-00384,Financeiro,Júnior,29,M,60,4441.12,3.0,5,2,0,5,6,4.5,0,2019-12-28,
FUN-00385,RH,Júnior,22,F,26,3583.47,3.0,3,2,0,7,7,2.9,0,2022-10-13,
FUN-00386,RH,Júnior,23,M,47,3130.66,4.0,2,4,0,14,7,3.4,1,2021-01-21,2024-12-01
FUN-00387,Operações,Coordenador,28,M,44,16146.22,2.0,2,4,0,23,1,3.9,0,2021-04-21,
FUN-00388,Vendas,Pleno,53,M,27,8526.73,3.0,1,3,0,18,7,3.6,0,2022-09-13,
FUN-00389,Suporte,Júnior,32,M,17,3506.02,3.0,4,3,1,8,1,2.1,0,2023-07-10,
FUN-00390,Engenharia,Sênior,45,F,1,10339.37,4.0,5,4,0,0,5,3.6,0,2024-11-01,
FUN-00391,Marketing,Pleno,27,M,34,7156.87,1.0,3,1,0,20,4,2.5,1,2022-02-15,2024-12-01
FUN-00392,Engenharia,Coordenador,24,F,107,13318.0,3.0,4,2,0,11,7,3.9,0,2016-02-17,
FUN-00393,Operações,Pleno,29,M,18,6831.8,2.0,4,4,1,11,4,2.2,1,2023-06-10,2024-12-01
FUN-00394,RH,Gerente,34,M,70,16566.44,2.0,3,3,0,18,3,,0,2019-03-03,
FUN-00395,Financeiro,Gerente,43,F,1,17825.85,4.0,3,2,0,9,7,4.2,0,2024-11-01,
FUN-00396,Engenharia,Pleno,22,M,44,7893.76,4.0,4,4,0,0,6,2.4,1,2021-04-21,2024-12-01
FUN-00397,Financeiro,Júnior,27,F,46,3533.21,1.0,3,3,1,0,6,2.8,0,2021-02-20,
FUN-00398,Operações,Pleno,33,F,65,4345.62,4.0,4,3,0,9,7,3.5,0,2019-07-31,
FUN-00399,Operações,Sênior,28,M,14,11873.09,1.0,1,2,0,8,4,4.7,1,2023-10-08,2024-12-01
FUN-00400,Suporte,Coordenador,34,M,9,12240.38,2.0,5,1,1,6,3,3.4,0,2024-03-06,
FUN-00401,Financeiro,Sênior,32,M,21,13099.78,2.0,5,4,0,8,7,2.2,0,2023-03-12,
FUN-00402,Vendas,Pleno,25,F,25,5170.95,,1,3,0,3,2,1.9,1,2022-11-12,2024-12-01
FUN-00403,Vendas,Coordenador,40,F,22,10387.04,2.0,1,1,1,11,6,2.3,1,2023-02-10,2024-12-01
FUN-00404,Financeiro,Sênior,29,M,18,9661.1,4.0,2,3,0,0,6,2.7,0,2023-06-10,
FUN-00405,Produto,Coordenador,31,M,59,12142.82,3.0,5,2,1,8,5,3.7,0,2020-01-27,
FUN-00406,Marketing,Pleno,35,F,64,5786.0,5.0,2,5,1,11,4,3.4,0,2019-08-30,
FUN-00407,Financeiro,Sênior,33,M,15,12934.68,1.0,1,2,0,11,2,4.8,1,2023-09-08,2024-12-01
FUN-00408,Produto,Pleno,31,M,25,7480.53,4.0,2,1,0,5,7,4.5,0,2022-11-12,
FUN-00409,Vendas,Sênior,36,F,39,10754.5,1.0,1,2,0,10,1,3.3,1,2021-09-18,2024-12-01
FUN-00410,Financeiro,Coordenador,34,F,12,12104.78,2.0,3,2,1,3,5,3.7,1,2023-12-07,2024-12-01
FUN-00411,Operações,Coordenador,42,F,1,9889.78,3.0,3,2,1,2,5,3.2,0,2024-11-01,
FUN-00412,Financeiro,Pleno,27,F,37,5716.27,3.0,2,4,0,0,7,4.7,1,2021-11-17,2024-12-01
FUN-00413,Operações,Júnior,23,F,43,3030.09,3.0,2,1,0,9,1,3.1,0,2021-05-21,
FUN-00414,Engenharia,Pleno,31,M,37,6504.68,1.0,4,2,1,9,5,2.3,0,2021-11-17,
FUN-00415,Operações,Sênior,41,F,105,9103.81,4.0,3,2,0,0,6,2.5,1,2016-04-17,2024-12-01
FUN-00416,Marketing,Júnior,33,M,59,3313.14,2.0,4,4,1,7,2,4.4,0,2020-01-27,
FUN-00417,Marketing,Pleno,42,F,30,4019.05,3.0,2,4,0,10,7,3.6,1,2022-06-15,2024-12-01
FUN-00418,Produto,Sênior,28,M,1,13130.56,1.0,1,3,0,0,7,2.7,0,2024-11-01,
FUN-00419,Financeiro,Pleno,26,F,44,6159.52,2.0,3,3,0,9,3,3.1,1,2021-04-21,2024-12-01
FUN-00420,Produto,Pleno,31,M,33,7841.17,4.0,3,1,0,10,3,3.3,1,2022-03-17,2024-12-01
FUN-00421,Financeiro,Júnior,25,M,58,3089.41,4.0,2,3,0,6,1,3.6,0,2020-02-26,
FUN-00422,Financeiro,Coordenador,26,M,40,13565.1,5.0,3,2,0,11,7,3.5,0,2021-08-19,
FUN-00423,RH,Júnior,31,M,51,3499.77,4.0,4,1,0,15,3,,0,2020-09-23,
FUN-00424,Produto,Pleno,24,F,1,5536.14,2.0,4,1,0,7,4,3.0,0,2024-11-01,
FUN-00425,Vendas,Júnior,26,M,60,4521.35,3.0,1,5,0,10,6,3.5,0,2019-12-28,
FUN-00426,RH,Coordenador,28,M,17,15814.94,4.0,1,3,0,7,7,4.2,0,2023-07-10,
FUN-00427,Vendas,Sênior,22,M,67,9340.1,1.0,1,3,0,3,7,4.9,1,2019-06-01,2024-12-01
FUN-00428,Engenharia,Coordenador,41,M,73,12931.83,2.0,2,1,1,0,1,3.6,0,2018-12-03,
FUN-00429,Produto,Pleno,38,M,75,10115.45,4.0,4,3,0,6,7,3.4,0,2018-10-04,
FUN-00430,Produto,Gerente,37,M,87,27290.83,3.0,2,4,0,1,2,3.3,0,2017-10-09,
FUN-00431,Produto,Pleno,28,M,63,4506.23,,1,1,0,4,1,3.4,0,2019-09-29,
FUN-00432,RH,Pleno,35,F,53,5878.05,3.0,4,2,0,0,3,2.8,0,2020-07-25,
FUN-00433,Engenharia,Sênior,22,M,42,9957.03,3.0,4,2,0,14,6,,0,2021-06-20,
FUN-00434,Engenharia,Pleno,34,M,13,5835.17,3.0,3,2,0,3,2,3.5,0,2023-11-07,
FUN-00435,Vendas,Pleno,25,F,1,6049.13,2.0,2,1,0,5,2,4.4,1,2024-11-01,2024-12-01
FUN-00436,Marketing,Coordenador,34,M,17,16214.37,3.0,2,2,0,8,5,3.5,0,2023-07-10,
FUN-00437,RH,Pleno,35,F,52,6900.8,1.0,4,5,0,1,2,3.6,0,2020-08-24,
FUN-00438,Vendas,Coordenador,31,M,26,12810.03,1.0,3,4,0,6,3,3.3,0,2022-10-13,
FUN-00439,Marketing,Júnior,32,M,44,4447.41,2.0,2,4,0,17,4,3.7,0,2021-04-21,
FUN-00440,Vendas,Gerente,39,M,39,19878.4,,1,4,0,5,5,3.4,1,2021-09-18,2024-12-01
FUN-00441,Engenharia,Pleno,45,M,18,5413.73,3.0,3,2,1,12,2,3.1,0,2023-06-10,
FUN-00442,RH,Pleno,35,M,54,4910.74,2.0,2,2,0,13,7,3.9,0,2020-06-25,
FUN-00443,Financeiro,Pleno,22,M,29,7359.37,3.0,5,4,0,9,7,3.4,0,2022-07-15,
FUN-00444,RH,Júnior,35,M,52,4125.08,4.0,2,3,0,1,6,2.7,1,2020-08-24,2024-12-01
FUN-00445,Financeiro,Júnior,23,F,80,3757.56,2.0,1,2,0,7,6,4.2,1,2018-05-07,2024-12-01
FUN-00446,Financeiro,Júnior,22,M,57,3584.69,3.0,3,2,1,11,1,4.1,0,2020-03-27,
FUN-00447,RH,Coordenador,39,F,1,14784.0,3.0,1,3,0,3,7,3.0,0,2024-11-01,
FUN-00448,Suporte,Coordenador,30,F,37,11186.24,4.0,3,2,0,9,7,2.4,1,2021-11-17,2024-12-01
FUN-00449,RH,Sênior,33,F,40,11638.35,2.0,4,4,0,14,3,3.7,0,2021-08-19,
FUN-00450,Vendas,Pleno,28,F,63,5584.54,1.0,1,2,0,10,4,3.4,1,2019-09-29,2024-12-01
FUN-00451,Vendas,Sênior,35,F,68,7359.23,2.0,1,2,0,12,2,2.6,0,2019-05-02,
FUN-00452,Vendas,Coordenador,37,M,77,10999.57,2.0,1,4,0,8,4,3.1,1,2018-08-05,2024-12-01
FUN-00453,Vendas,Gerente,27,F,39,16234.62,2.0,1,3,0,16,6,3.1,1,2021-09-18,2024-12-01
FUN-00454,Produto,Pleno,28,F,56,5608.3,4.0,3,2,1,11,2,3.2,0,2020-04-26,
FUN-00455,Suporte,Júnior,35,F,22,3385.78,5.0,3,4,1,4,5,4.3,0,2023-02-10,
FUN-00456,Marketing,Sênior,47,M,1,10370.54,2.0,1,3,1,7,6,4.8,0,2024-11-01,
FUN-00457,Marketing,Gerente,39,M,80,18630.66,3.0,2,2,0,14,2,4.4,0,2018-05-07,
FUN-00458,Produto,Pleno,34,F,45,7026.73,,3,4,0,1,6,3.5,1,2021-03-22,2024-12-01
FUN-00459,Operações,Júnior,28,M,40,3296.92,3.0,2,3,0,0,2,4.7,0,2021-08-19,
FUN-00460,Financeiro,Coordenador,22,F,38,15141.43,2.0,4,1,0,6,3,4.0,0,2021-10-18,
FUN-00461,Vendas,Sênior,23,M,44,11050.95,1.0,1,5,0,10,3,3.5,1,2021-04-21,2024-12-01
FUN-00462,Engenharia,Coordenador,39,M,47,10429.48,2.0,1,4,0,15,2,3.6,0,2021-01-21,
FUN-00463,Produto,Gerente,44,F,1,11834.46,4.0,1,1,0,0,6,3.4,0,2024-11-01,
FUN-00464,Suporte,Pleno,33,F,32,5363.53,2.0,2,2,0,2,4,3.4,0,2022-04-16,
FUN-00465,Produto,Coordenador,31,F,1,13262.62,2.0,1,3,0,12,6,3.5,0,2024-11-01,
FUN-00466,RH,Júnior,39,F,40,3112.97,2.0,1,1,1,10,2,2.6,1,2021-08-19,2024-12-01
FUN-00467,Engenharia,Júnior,24,F,61,3603.41,2.0,2,2,0,8,4,2.4,1,2019-11-28,2024-12-01
FUN-00468,Produto,Sênior,47,M,37,11663.6,4.0,4,1,0,14,4,3.2,0,2021-11-17,
FUN-00469,Marketing,Sênior,29,M,24,14017.4,3.0,4,3,0,16,3,3.9,0,2022-12-12,
FUN-00470,Financeiro,Pleno,35,M,16,5744.08,4.0,2,2,0,0,4,3.8,0,2023-08-09,
FUN-00471,RH,Júnior,42,M,48,3907.65,2.0,1,2,0,3,7,4.2,0,2020-12-22,
FUN-00472,Marketing,Sênior,40,F,3,10173.78,2.0,2,4,1,16,3,2.1,1,2024-09-02,2024-12-01
FUN-00473,Produto,Júnior,23,M,55,3109.16,5.0,4,2,1,15,4,3.7,0,2020-05-26,
FUN-00474,RH,Pleno,32,F,67,5301.17,3.0,3,3,0,15,5,3.1,0,2019-06-01,
FUN-00475,Vendas,Pleno,31,M,1,9011.63,1.0,1,1,0,0,3,3.3,0,2024-11-01,
FUN-00476,Suporte,Coordenador,26,F,40,12158.87,4.0,4,2,0,12,5,2.4,0,2021-08-19,
FUN-00477,Suporte,Pleno,27,M,43,5553.58,2.0,3,1,0,17,4,4.1,0,2021-05-21,
FUN-00478,Suporte,Pleno,27,M,23,6844.02,3.0,3,3,0,5,1,4.8,0,2023-01-11,
FUN-00479,Marketing,Coordenador,35,F,61,15676.82,4.0,3,2,0,12,5,3.8,1,2019-11-28,2024-12-01
FUN-00480,Operações,Coordenador,36,F,66,9797.82,1.0,1,1,0,0,3,2.5,1,2019-07-01,2024-12-01
FUN-00481,Produto,Júnior,37,M,1,5329.05,3.0,4,4,0,0,1,4.1,0,2024-11-01,
FUN-00482,Vendas,Pleno,22,F,45,6347.16,1.0,3,1,0,10,3,3.2,0,2021-03-22,
FUN-00483,RH,Pleno,43,F,10,6437.59,,4,2,0,0,5,3.9,0,2024-02-05,
FUN-00484,RH,Coordenador,27,M,22,14470.75,2.0,2,5,0,4,5,3.2,0,2023-02-10,
FUN-00485,Operações,Júnior,36,F,58,3662.35,3.0,1,2,0,5,4,3.0,0,2020-02-26,
FUN-00486,Engenharia,Júnior,30,F,50,3470.76,4.0,3,1,0,0,2,2.5,0,2020-10-23,
FUN-00487,Vendas,Pleno,28,M,38,6052.16,1.0,2,1,0,19,3,3.2,1,2021-10-18,2024-12-01
FUN-00488,Marketing,Coordenador,42,M,1,12285.87,2.0,3,5,1,2,7,2.7,0,2024-11-01,
FUN-00489,RH,Sênior,53,M,21,10295.22,4.0,4,1,0,2,3,3.7,0,2023-03-12,
FUN-00490,Produto,Pleno,44,F,39,6390.58,4.0,3,2,0,14,6,3.2,0,2021-09-18,
FUN-00491,Vendas,Pleno,31,M,33,6896.01,2.0,1,3,0,15,5,4.7,1,2022-03-17,2024-12-01
FUN-00492,Produto,Gerente,26,M,1,17008.85,1.0,2,2,0,4,1,3.8,0,2024-11-01,
FUN-00493,RH,Coordenador,43,F,54,12076.44,3.0,4,2,1,10,4,2.7,0,2020-06-25,
FUN-00494,Vendas,Pleno,41,M,1,6761.74,1.0,2,1,0,5,5,5.0,1,2024-11-01,2024-12-01
FUN-00495,Marketing,Pleno,34,M,99,5141.29,2.0,5,2,0,8,3,4.1,1,2016-10-14,2024-12-01
FUN-00496,Operações,Pleno,30,M,51,7892.42,3.0,2,3,1,7,7,3.3,0,2020-09-23,
FUN-00497,Vendas,Sênior,26,F,55,10923.92,1.0,2,1,0,0,6,2.9,1,2020-05-26,2024-12-01
FUN-00498,Vendas,Júnior,30,M,23,4400.84,1.0,2,1,1,15,5,4.9,0,2023-01-11,
FUN-00499,Produto,Júnior,33,M,47,4147.81,3.0,2,2,0,13,1,4.0,0,2021-01-21,
FUN-00500,Suporte,Sênior,23,M,1,8101.49,3.0,5,2,0,7,1,5.0,0,2024-11-01,
FUN-00501,RH,Júnior,36,M,18,3957.37,4.0,3,3,1,12,4,4.1,0,2023-06-10,
FUN-00502,Engenharia,Sênior,34,F,2,11585.4,2.0,5,4,0,12,1,3.5,1,2024-10-02,2024-12-01
FUN-00503,Suporte,Sênior,49,F,15,9810.09,3.0,3,2,0,16,5,3.7,0,2023-09-08,
FUN-00504,Marketing,Pleno,35,M,47,7771.78,2.0,2,2,1,4,2,3.4,0,2021-01-21,
FUN-00505,Produto,Júnior,32,F,29,3815.88,5.0,3,3,0,0,1,3.4,0,2022-07-15,
FUN-00506,Produto,Pleno,23,M,47,8132.78,4.0,4,1,1,9,6,3.5,0,2021-01-21,
FUN-00507,Vendas,Júnior,36,F,1,3219.26,1.0,1,3,0,8,4,3.9,1,2024-11-01,2024-12-01
FUN-00508,Financeiro,Pleno,34,M,37,7481.98,3.0,4,2,0,15,3,4.4,0,2021-11-17,
FUN-00509,Produto,Pleno,23,M,40,7007.23,3.0,2,3,1,11,6,3.2,0,2021-08-19,
FUN-00510,Operações,Pleno,40,F,72,5074.04,2.0,4,3,0,18,7,3.8,1,2019-01-02,2024-12-01
FUN-00511,Operações,Gerente,25,F,25,17576.85,3.0,2,1,1,9,7,4.1,0,2022-11-12,
FUN-00512,Suporte,Sênior,31,F,30,8821.03,4.0,3,1,1,0,4,3.2,0,2022-06-15,
FUN-00513,Suporte,Sênior,26,F,46,8423.48,1.0,2,1,0,6,7,4.4,0,2021-02-20,
FUN-00514,Financeiro,Sênior,30,F,44,9807.69,4.0,2,1,0,0,1,,0,2021-04-21,
FUN-00515,Vendas,Júnior,33,M,13,3971.84,1.0,1,2,0,6,4,2.8,0,2023-11-07,
FUN-00516,Marketing,Pleno,38,F,37,5356.9,1.0,3,3,1,7,5,3.8,0,2021-11-17,
FUN-00517,Financeiro,Pleno,22,F,51,5927.52,3.0,1,3,0,13,6,5.0,0,2020-09-23,
FUN-00518,Produto,Gerente,37,M,82,18242.07,3.0,3,2,1,16,4,3.0,0,2018-03-08,
FUN-00519,Produto,Sênior,27,F,60,9712.98,3.0,1,3,0,2,5,4.1,0,2019-12-28,
FUN-00520,Suporte,Pleno,24,M,43,6340.15,3.0,4,3,0,6,2,2.8,0,2021-05-21,
FUN-00521,Vendas,Júnior,40,F,38,3617.88,1.0,1,3,0,9,6,3.4,1,2021-10-18,2024-12-01
FUN-00522,Engenharia,Júnior,24,F,52,3762.26,,3,2,0,12,7,2.3,0,2020-08-24,
FUN-00523,Suporte,Gerente,34,F,60,16182.69,2.0,1,4,0,14,4,3.3,0,2019-12-28,
FUN-00524,Suporte,Júnior,35,M,30,3356.92,3.0,3,4,0,9,7,3.3,0,2022-06-15,
FUN-00525,Vendas,Sênior,22,F,30,8371.46,1.0,1,4,0,10,7,,0,2022-06-15,
FUN-00526,Marketing,Coordenador,24,M,1,15837.65,3.0,2,3,0,6,5,3.4,0,2024-11-01,
FUN-00527,Produto,Sênior,24,F,9,9442.19,3.0,1,3,0,12,2,3.1,0,2024-03-06,
FUN-00528,Marketing,Coordenador,34,M,1,17985.8,3.0,4,3,1,0,5,2.6,0,2024-11-01,
FUN-00529,Engenharia,Pleno,33,F,37,6324.01,3.0,4,4,1,5,1,3.9,0,2021-11-17,
FUN-00530,Engenharia,Júnior,26,F,16,3562.8,2.0,3,3,0,0,2,4.0,0,2023-08-09,
FUN-00531,Produto,Júnior,30,F,19,2879.64,4.0,1,3,0,14,5,3.9,0,2023-05-11,
FUN-00532,RH,Sênior,39,F,63,7293.04,2.0,2,1,1,0,3,4.3,0,2019-09-29,
FUN-00533,Operações,Pleno,23,M,34,7341.52,2.0,3,1,0,9,5,2.1,1,2022-02-15,2024-12-01
FUN-00534,RH,Pleno,34,F,67,7457.64,4.0,2,4,0,10,3,2.7,0,2019-06-01,
FUN-00535,Vendas,Sênior,22,F,38,9866.53,1.0,1,3,0,5,2,4.1,1,2021-10-18,2024-12-01
FUN-00536,Marketing,Júnior,23,M,35,4973.55,2.0,2,3,1,2,1,4.3,0,2022-01-16,
FUN-00537,Operações,Gerente,37,F,19,16421.61,3.0,3,5,0,2,4,5.0,0,2023-05-11,
FUN-00538,Engenharia,Sênior,25,M,23,13150.22,3.0,2,3,0,2,7,3.7,0,2023-01-11,
FUN-00539,Marketing,Coordenador,33,M,38,17717.56,1.0,4,4,0,6,3,,0,2021-10-18,
FUN-00540,Operações,Júnior,34,F,27,3995.11,3.0,3,3,0,9,6,2.1,0,2022-09-13,
FUN-00541,Financeiro,Pleno,23,F,56,7529.4,3.0,5,3,0,7,3,2.8,1,2020-04-26,2024-12-01
FUN-00542,Vendas,Coordenador,35,F,48,11309.18,2.0,1,1,1,16,2,5.0,0,2020-12-22,
FUN-00543,Marketing,Sênior,34,F,57,8683.06,3.0,2,3,1,7,2,4.2,0,2020-03-27,
FUN-00544,Financeiro,Júnior,35,F,64,4138.52,3.0,1,1,1,16,6,3.5,0,2019-08-30,
FUN-00545,Suporte,Gerente,30,F,18,18767.58,2.0,2,1,0,0,6,3.8,0,2023-06-10,
FUN-00546,Financeiro,Sênior,27,M,72,14160.21,4.0,3,3,0,12,3,3.2,0,2019-01-02,
FUN-00547,Produto,Júnior,46,F,59,4130.11,2.0,1,1,0,22,3,3.3,0,2020-01-27,
FUN-00548,Vendas,Sênior,28,M,28,9715.29,2.0,2,4,0,2,6,2.3,1,2022-08-14,2024-12-01
FUN-00549,Vendas,Sênior,38,F,26,11036.05,1.0,2,4,0,0,2,4.1,0,2022-10-13,
FUN-00550,Suporte,Gerente,33,M,1,18408.31,4.0,4,2,0,14,7,4.8,0,2024-11-01,
FUN-00551,Produto,Júnior,33,M,28,4342.46,3.0,2,1,0,13,4,3.1,0,2022-08-14,
FUN-00552,Marketing,Coordenador,24,F,40,14265.43,2.0,3,3,0,7,1,3.5,0,2021-08-19,
FUN-00553,Produto,Pleno,39,M,27,7862.32,2.0,5,5,0,3,6,2.0,0,2022-09-13,
FUN-00554,Suporte,Sênior,40,M,3,12946.44,3.0,3,4,1,13,2,1.9,0,2024-09-02,
FUN-00555,Engenharia,Pleno,34,M,62,7547.9,5.0,3,3,0,7,4,3.6,0,2019-10-29,
FUN-00556,Engenharia,Sênior,22,F,36,9152.05,2.0,3,3,0,5,4,3.5,0,2021-12-17,
FUN-00557,Suporte,Júnior,29,F,14,3828.32,3.0,2,1,0,5,4,,0,2023-10-08,
FUN-00558,Financeiro,Coordenador,43,F,14,14177.73,2.0,2,1,0,3,7,2.5,1,2023-10-08,2024-12-01
FUN-00559,Operações,Sênior,31,F,63,9045.23,2.0,1,2,0,11,7,4.1,0,2019-09-29,
FUN-00560,Vendas,Pleno,32,F,52,8126.76,2.0,1,4,0,11,3,4.4,0,2020-08-24,
FUN-00561,Vendas,Pleno,22,M,74,6470.15,1.0,1,1,0,17,7,2.7,1,2018-11-03,2024-12-01
FUN-00562,Engenharia,Sênior,26,F,43,11344.96,4.0,4,1,0,13,2,3.2,1,2021-05-21,2024-12-01
FUN-00563,RH,Sênior,36,F,33,9763.79,2.0,2,2,0,5,7,4.3,1,2022-03-17,2024-12-01
FUN-00564,Engenharia,Sênior,28,F,9,7350.68,,1,2,0,14,3,2.9,0,2024-03-06,
FUN-00565,Marketing,Coordenador,29,F,14,16209.06,3.0,3,1,1,6,6,2.7,1,2023-10-08,2024-12-01
FUN-00566,Suporte,Gerente,25,M,66,23088.08,4.0,3,1,0,8,3,3.8,0,2019-07-01,
FUN-00567,Engenharia,Sênior,40,F,35,7818.56,4.0,4,2,0,9,7,,0,2022-01-16,
FUN-00568,Operações,Sênior,35,M,80,9822.49,3.0,4,4,0,13,3,3.9,0,2018-05-07,
FUN-00569,Operações,Pleno,41,F,59,6747.0,,2,1,0,6,1,2.3,0,2020-01-27,
FUN-00570,Operações,Júnior,28,M,74,4127.23,2.0,2,3,0,11,6,4.3,0,2018-11-03,
FUN-00571,Engenharia,Júnior,25,M,29,3274.46,2.0,3,3,1,8,6,3.2,0,2022-07-15,
FUN-00572,Operações,Pleno,37,F,50,4719.68,1.0,4,3,0,3,2,4.4,0,2020-10-23,
FUN-00573,Financeiro,Gerente,34,F,69,11719.42,2.0,2,3,0,17,5,4.5,0,2019-04-02,
FUN-00574,Engenharia,Júnior,29,M,78,4585.62,3.0,2,1,1,9,6,3.5,0,2018-07-06,
FUN-00575,Engenharia,Júnior,35,F,64,3492.38,4.0,3,2,0,9,1,4.0,1,2019-08-30,2024-12-01
FUN-00576,Marketing,Gerente,32,F,86,16914.01,2.0,4,2,0,12,4,4.2,1,2017-11-08,2024-12-01
FUN-00577,Vendas,Coordenador,22,F,28,13026.52,1.0,1,3,0,7,3,2.9,1,2022-08-14,2024-12-01
FUN-00578,Operações,Coordenador,33,M,21,12799.72,3.0,2,1,0,0,5,3.9,0,2023-03-12,
FUN-00579,Vendas,Pleno,38,M,1,7846.99,1.0,1,5,1,3,7,2.5,1,2024-11-01,2024-12-01
FUN-00580,Engenharia,Pleno,34,M,61,6994.42,3.0,3,2,0,15,6,2.8,0,2019-11-28,
FUN-00581,Produto,Coordenador,33,M,2,15159.91,4.0,3,2,0,11,3,1.9,1,2024-10-02,2024-12-01
FUN-00582,Financeiro,Sênior,41,F,23,12281.86,4.0,1,4,0,11,1,3.7,0,2023-01-11,
FUN-00583,Produto,Júnior,31,M,66,5091.99,2.0,3,2,1,1,4,,0,2019-07-01,
FUN-00584,Engenharia,Coordenador,22,F,55,11628.4,4.0,3,1,1,3,3,4.4,1,2020-05-26,2024-12-01
FUN-00585,Operações,Júnior,34,F,71,3442.69,2.0,2,1,0,15,3,1.8,0,2019-02-01,
FUN-00586,Marketing,Gerente,30,M,39,11562.24,3.0,3,2,0,11,4,2.2,0,2021-09-18,
FUN-00587,Financeiro,Sênior,38,M,48,11078.98,3.0,3,3,0,4,6,3.4,0,2020-12-22,
FUN-00588,Marketing,Pleno,25,M,54,6877.37,3.0,4,2,0,11,2,2.6,0,2020-06-25,
FUN-00589,Vendas,Júnior,35,F,36,2886.52,1.0,1,2,0,0,1,4.0,0,2021-12-17,
FUN-00590,Engenharia,Gerente,33,M,67,23056.36,4.0,1,4,0,14,5,4.2,0,2019-06-01,
FUN-00591,Operações,Pleno,36,F,45,6172.25,3.0,3,4,1,0,6,4.0,0,2021-03-22,
FUN-00592,Financeiro,Sênior,24,F,21,8874.53,3.0,1,3,0,14,2,3.4,0,2023-03-12,
FUN-00593,RH,Júnior,46,M,61,4667.33,2.0,2,4,0,4,6,2.4,1,2019-11-28,2024-12-01
FUN-00594,Operações,Pleno,34,M,12,7244.26,4.0,4,3,1,16,4,3.7,0,2023-12-07,
FUN-00595,Financeiro,Pleno,30,F,19,6988.84,3.0,1,4,0,18,6,4.4,0,2023-05-11,
FUN-00596,Produto,Pleno,26,F,39,6732.91,3.0,3,1,0,8,5,4.6,1,2021-09-18,2024-12-01
FUN-00597,RH,Júnior,46,F,69,3588.7,2.0,1,1,0,11,5,3.5,0,2019-04-02,
FUN-00598,Financeiro,Pleno,25,F,50,6139.09,2.0,4,4,0,0,5,3.5,0,2020-10-23,
FUN-00599,Vendas,Júnior,44,F,48,3980.76,1.0,1,1,0,28,4,3.2,0,2020-12-22,
FUN-00600,Financeiro,Sênior,37,F,58,9468.98,3.0,2,2,0,14,5,4.7,0,2020-02-26,
FUN-00601,Operações,Júnior,44,F,88,2847.05,3.0,2,3,0,0,6,4.0,0,2017-09-09,
FUN-00602,Produto,Júnior,36,M,8,4805.06,2.0,3,2,1,15,2,3.1,0,2024-04-05,
FUN-00603,Financeiro,Sênior,35,F,35,9509.36,3.0,3,3,1,4,3,4.8,0,2022-01-16,
FUN-00604,Engenharia,Júnior,25,F,70,2883.08,4.0,3,3,0,9,7,2.3,0,2019-03-03,
FUN-00605,Vendas,Sênior,28,M,68,10811.2,1.0,1,1,0,3,6,2.9,0,2019-05-02,
FUN-00606,Operações,Júnior,22,F,32,3718.59,5.0,2,2,0,12,1,4.2,0,2022-04-16,
FUN-00607,RH,Júnior,30,F,27,3732.14,5.0,3,1,1,4,3,2.2,1,2022-09-13,2024-12-01
FUN-00608,Suporte,Pleno,25,F,64,4902.66,1.0,3,2,0,12,7,4.1,0,2019-08-30,
FUN-00609,Marketing,Pleno,37,F,30,6636.66,3.0,5,2,0,10,1,,0,2022-06-15,
FUN-00610,RH,Coordenador,30,F,50,11595.62,4.0,2,3,0,4,2,2.9,0,2020-10-23,
FUN-00611,RH,Júnior,36,M,56,3945.16,3.0,2,3,0,17,4,1.9,0,2020-04-26,
FUN-00612,Suporte,Júnior,42,M,17,3263.18,3.0,1,1,0,2,2,3.6,0,2023-07-10,
FUN-00613,Vendas,Sênior,39,F,73,10329.23,1.0,1,2,0,6,2,4.6,1,2018-12-03,2024-12-01
FUN-00614,Vendas,Sênior,39,F,32,7228.35,1.0,1,2,1,5,6,,0,2022-04-16,
FUN-00615,Marketing,Sênior,37,F,1,11159.79,5.0,3,2,0,10,5,3.7,1,2024-11-01,2024-12-01
FUN-00616,Financeiro,Sênior,29,M,4,12494.26,3.0,3,2,0,0,1,2.4,0,2024-08-03,
FUN-00617,Financeiro,Pleno,43,M,41,6153.07,4.0,2,2,0,22,5,3.5,0,2021-07-20,
FUN-00618,Marketing,Júnior,25,M,55,4882.54,3.0,2,3,0,0,3,3.9,0,2020-05-26,
FUN-00619,Vendas,Sênior,36,M,8,12201.93,1.0,1,1,0,12,2,2.0,1,2024-04-05,2024-12-01
FUN-00620,Engenharia,Pleno,32,M,7,7408.39,2.0,3,1,0,8,6,4.0,0,2024-05-05,
FUN-00621,Vendas,Sênior,29,F,15,9441.46,1.0,1,3,1,10,4,2.8,1,2023-09-08,2024-12-01
FUN-00622,Marketing,Coordenador,33,F,64,7890.46,2.0,3,4,1,7,4,3.1,0,2019-08-30,
FUN-00623,Financeiro,Sênior,31,M,98,11927.42,,3,2,0,10,6,3.7,0,2016-11-13,
FUN-00624,RH,Coordenador,26,M,47,17691.26,2.0,4,2,1,10,4,4.2,0,2021-01-21,
FUN-00625,Vendas,Júnior,34,F,1,2612.98,2.0,2,1,0,9,6,4.1,0,2024-11-01,
FUN-00626,Engenharia,Pleno,33,F,39,6373.04,3.0,2,5,0,15,2,3.8,0,2021-09-18,
FUN-00627,Financeiro,Sênior,37,F,10,11242.06,4.0,3,2,1,5,2,3.3,0,2024-02-05,
FUN-00628,Operações,Pleno,39,F,60,6679.6,2.0,3,2,0,11,2,2.2,1,2019-12-28,2024-12-01
FUN-00629,Financeiro,Sênior,42,F,33,9826.7,3.0,4,2,0,17,5,4.3,1,2022-03-17,2024-12-01
FUN-00630,Engenharia,Júnior,30,F,57,3475.05,1.0,2,2,0,17,7,3.1,1,2020-03-27,2024-12-01
FUN-00631,Engenharia,Sênior,29,F,34,8700.7,4.0,5,2,0,21,4,2.2,0,2022-02-15,
FUN-00632,Vendas,Pleno,27,F,75,5864.9,1.0,1,2,0,2,7,2.6,1,2018-10-04,2024-12-01
FUN-00633,Financeiro,Coordenador,45,F,41,10298.05,1.0,3,3,0,7,1,5.0,0,2021-07-20,
FUN-00634,RH,Júnior,28,M,17,3770.84,2.0,5,3,1,5,2,3.8,0,2023-07-10,
FUN-00635,Suporte,Júnior,35,M,26,3549.2,3.0,4,3,1,2,4,2.3,0,2022-10-13,
FUN-00636,Vendas,Júnior,35,F,34,3233.13,1.0,1,2,1,0,5,4.8,1,2022-02-15,2024-12-01
FUN-00637,Operações,Júnior,31,F,74,3097.29,2.0,4,2,1,8,1,2.1,0,2018-11-03,
FUN-00638,Marketing,Sênior,35,M,22,10405.5,2.0,4,4,1,0,7,3.3,1,2023-02-10,2024-12-01
FUN-00639,Suporte,Pleno,33,M,12,6053.32,4.0,4,2,0,3,6,2.7,0,2023-12-07,
FUN-00640,Operações,Pleno,40,F,1,4923.58,3.0,3,3,1,6,7,4.1,0,2024-11-01,
FUN-00641,Financeiro,Júnior,27,M,12,3613.32,2.0,2,5,0,10,2,2.0,1,2023-12-07,2024-12-01
FUN-00642,Financeiro,Pleno,27,M,1,8277.32,3.0,3,3,0,1,4,3.6,1,2024-11-01,2024-12-01
FUN-00643,Operações,Pleno,30,M,51,8099.58,5.0,4,1,1,9,3,3.1,0,2020-09-23,
FUN-00644,Produto,Júnior,28,M,71,4045.1,1.0,3,4,0,9,5,3.4,1,2019-02-01,2024-12-01
FUN-00645,Engenharia,Júnior,38,F,40,4105.57,4.0,3,3,0,9,3,3.1,0,2021-08-19,
FUN-00646,Marketing,Pleno,31,F,79,5867.92,,3,4,0,6,7,4.0,1,2018-06-06,2024-12-01
FUN-00647,Produto,Gerente,35,F,47,20951.37,4.0,2,3,0,12,3,3.4,0,2021-01-21,
FUN-00648,RH,Sênior,34,M,57,6213.35,1.0,3,1,0,0,6,2.2,0,2020-03-27,
FUN-00649,RH,Coordenador,28,M,2,9525.86,4.0,1,3,0,2,2,2.9,0,2024-10-02,
FUN-00650,Marketing,Pleno,31,M,59,7631.11,1.0,2,4,0,8,4,4.4,0,2020-01-27,
FUN-00651,Marketing,Pleno,34,F,55,6622.71,3.0,4,2,1,14,2,3.0,0,2020-05-26,
FUN-00652,Financeiro,Júnior,32,M,34,4031.73,1.0,3,2,0,17,5,3.2,0,2022-02-15,
FUN-00653,RH,Júnior,36,F,16,3656.19,5.0,3,3,0,5,7,3.7,0,2023-08-09,
FUN-00654,Engenharia,Sênior,37,M,15,10162.23,1.0,3,2,0,15,2,4.1,0,2023-09-08,
FUN-00655,Operações,Coordenador,23,M,45,14047.46,3.0,3,1,0,1,6,4.1,0,2021-03-22,
FUN-00656,Engenharia,Sênior,36,F,5,9912.98,1.0,4,4,0,12,5,4.3,0,2024-07-04,
FUN-00657,Operações,Pleno,38,F,48,5147.95,2.0,5,3,0,11,6,3.8,0,2020-12-22,
FUN-00658,Vendas,Sênior,28,F,41,10231.7,3.0,1,2,1,11,4,3.9,0,2021-07-20,
FUN-00659,Produto,Pleno,26,M,1,7499.33,3.0,3,1,0,13,4,2.4,0,2024-11-01,
FUN-00660,Engenharia,Júnior,30,F,62,3618.47,3.0,2,1,0,9,5,4.0,0,2019-10-29,
FUN-00661,Operações,Pleno,44,F,1,6352.21,5.0,2,3,0,5,6,4.3,0,2024-11-01,
FUN-00662,Produto,Júnior,35,M,54,3926.8,3.0,3,2,0,1,4,4.5,0,2020-06-25,
FUN-00663,Suporte,Coordenador,27,F,50,10707.95,2.0,1,3,1,8,1,5.0,0,2020-10-23,
FUN-00664,Produto,Pleno,39,M,29,7059.06,4.0,3,5,0,0,5,3.2,0,2022-07-15,
FUN-00665,Vendas,Pleno,28,M,17,6614.36,1.0,1,3,0,6,2,4.0,0,2023-07-10,
FUN-00666,Produto,Sênior,35,M,31,9520.62,3.0,2,4,0,8,2,3.8,0,2022-05-16,
FUN-00667,Operações,Gerente,37,F,1,13017.23,2.0,3,4,0,17,5,3.9,0,2024-11-01,
FUN-00668,Engenharia,Pleno,25,F,5,5647.41,1.0,1,1,0,0,5,3.8,0,2024-07-04,
FUN-00669,Produto,Pleno,41,M,21,6945.74,,1,1,0,0,4,4.3,0,2023-03-12,
FUN-00670,Operações,Júnior,32,M,39,3643.06,3.0,3,4,0,7,3,3.6,0,2021-09-18,
FUN-00671,Engenharia,Pleno,34,M,18,7598.14,3.0,2,4,0,16,6,4.4,0,2023-06-10,
FUN-00672,Engenharia,Pleno,25,F,78,6410.64,2.0,2,3,0,3,2,1.9,0,2018-07-06,
FUN-00673,Vendas,Júnior,22,M,32,3789.9,2.0,2,3,0,4,6,3.8,1,2022-04-16,2024-12-01
FUN-00674,Suporte,Sênior,45,M,21,9626.61,4.0,5,1,1,17,4,2.9,0,2023-03-12,
FUN-00675,Vendas,Pleno,22,F,59,6866.47,1.0,1,1,0,6,4,3.0,0,2020-01-27,
FUN-00676,Produto,Pleno,40,F,47,7978.78,1.0,1,2,0,4,3,2.8,1,2021-01-21,2024-12-01
FUN-00677,Marketing,Pleno,27,F,17,4704.59,,4,1,1,7,2,2.6,0,2023-07-10,
FUN-00678,Marketing,Sênior,29,F,47,9465.94,4.0,2,2,1,0,5,2.8,0,2021-01-21,
FUN-00679,Vendas,Júnior,28,M,27,2890.59,1.0,3,4,0,18,5,4.3,0,2022-09-13,
FUN-00680,Produto,Pleno,41,F,63,5988.86,2.0,3,4,0,5,4,3.1,0,2019-09-29,
FUN-00681,RH,Pleno,32,M,1,7698.9,2.0,1,2,0,1,7,1.3,1,2024-11-01,2024-12-01
FUN-00682,Marketing,Pleno,26,M,34,8564.08,4.0,2,3,0,2,4,4.0,0,2022-02-15,
FUN-00683,Operações,Pleno,26,M,57,5312.44,3.0,3,1,0,2,4,4.4,0,2020-03-27,
FUN-00684,Engenharia,Sênior,24,F,64,10348.44,3.0,4,2,0,13,3,4.1,0,2019-08-30,
FUN-00685,Financeiro,Sênior,25,M,1,13089.31,4.0,1,3,0,0,5,3.1,0,2024-11-01,
FUN-00686,Engenharia,Gerente,32,F,5,15754.18,5.0,5,1,0,9,3,3.7,0,2024-07-04,
FUN-00687,RH,Coordenador,26,F,58,15467.11,4.0,5,4,1,2,1,2.5,0,2020-02-26,
FUN-00688,Engenharia,Pleno,39,F,1,5802.73,3.0,2,4,0,1,7,5.0,0,2024-11-01,
FUN-00689,Financeiro,Pleno,40,F,57,6170.85,4.0,4,2,0,9,2,3.6,0,2020-03-27,
FUN-00690,Engenharia,Sênior,43,M,6,7786.19,1.0,3,1,0,19,5,3.1,1,2024-06-04,2024-12-01
FUN-00691,Marketing,Sênior,22,M,29,12494.84,4.0,4,3,1,5,6,5.0,0,2022-07-15,
FUN-00692,Engenharia,Pleno,29,M,71,8126.8,3.0,2,2,1,2,1,4.5,0,2019-02-01,
FUN-00693,Suporte,Sênior,32,M,5,12806.66,2.0,1,4,1,0,5,3.8,1,2024-07-04,2024-12-01
FUN-00694,Suporte,Júnior,22,M,40,4000.02,4.0,2,3,0,0,1,3.1,0,2021-08-19,
FUN-00695,Vendas,Sênior,28,M,29,9963.31,1.0,1,2,0,12,7,3.0,1,2022-07-15,2024-12-01
FUN-00696,Vendas,Coordenador,31,F,39,11185.02,1.0,2,3,0,12,5,3.9,0,2021-09-18,
FUN-00697,RH,Sênior,27,F,57,9049.46,3.0,3,4,0,2,7,3.5,0,2020-03-27,
FUN-00698,Engenharia,Pleno,37,M,81,6948.63,1.0,4,3,0,8,1,3.4,0,2018-04-07,
FUN-00699,Financeiro,Pleno,22,F,45,5620.97,4.0,3,3,1,4,5,2.9,0,2021-03-22,
FUN-00700,Operações,Coordenador,44,M,24,16927.64,4.0,2,4,1,16,5,2.3,0,2022-12-12,
FUN-00701,Vendas,Pleno,37,F,26,5730.56,2.0,1,2,0,18,3,3.1,0,2022-10-13,
FUN-00702,Vendas,Pleno,31,F,32,6048.69,1.0,2,4,0,0,2,2.4,0,2022-04-16,
FUN-00703,Marketing,Júnior,26,M,54,4048.37,4.0,2,3,0,15,4,3.2,0,2020-06-25,
FUN-00704,RH,Pleno,36,F,28,6976.86,2.0,1,3,0,8,3,4.6,1,2022-08-14,2024-12-01
FUN-00705,Financeiro,Sênior,22,F,44,6665.72,4.0,3,4,0,14,6,4.3,0,2021-04-21,
FUN-00706,Engenharia,Júnior,37,M,29,4001.32,5.0,5,1,0,5,7,5.0,0,2022-07-15,
FUN-00707,Operações,Pleno,28,F,71,5680.31,5.0,2,4,1,17,5,4.2,0,2019-02-01,
FUN-00708,Suporte,Sênior,23,F,1,6894.15,3.0,4,3,1,8,4,4.7,0,2024-11-01,
FUN-00709,Marketing,Júnior,36,M,32,4011.31,2.0,4,5,1,13,5,5.0,0,2022-04-16,
FUN-00710,Vendas,Sênior,28,M,36,10771.54,3.0,1,1,1,11,4,3.1,1,2021-12-17,2024-12-01
FUN-00711,Financeiro,Pleno,32,F,16,7136.03,4.0,2,3,0,12,4,5.0,0,2023-08-09,
FUN-00712,Suporte,Sênior,33,F,79,10733.95,2.0,2,2,1,14,4,4.5,0,2018-06-06,
FUN-00713,Vendas,Pleno,28,M,25,5801.19,1.0,1,3,0,15,5,4.1,0,2022-11-12,
FUN-00714,Marketing,Coordenador,22,F,1,11176.23,4.0,3,2,0,8,2,3.9,0,2024-11-01,
FUN-00715,Financeiro,Júnior,41,F,1,3222.12,3.0,3,2,0,12,5,4.1,0,2024-11-01,
FUN-00716,Engenharia,Pleno,38,M,64,7956.04,3.0,4,2,0,5,4,3.2,1,2019-08-30,2024-12-01
FUN-00717,Marketing,Pleno,37,M,56,6935.36,3.0,3,5,0,0,2,3.8,0,2020-04-26,
FUN-00718,RH,Pleno,31,F,29,5432.93,4.0,1,4,0,0,4,3.8,0,2022-07-15,
FUN-00719,Suporte,Gerente,36,F,95,19060.56,3.0,2,2,1,17,3,4.1,0,2017-02-11,
FUN-00720,Marketing,Sênior,36,M,1,9569.28,4.0,1,1,0,0,4,4.8,0,2024-11-01,
FUN-00721,Produto,Pleno,36,F,24,5609.76,2.0,3,3,0,13,6,3.0,0,2022-12-12,
FUN-00722,Produto,Júnior,37,F,36,4521.0,1.0,3,3,1,9,7,2.9,0,2021-12-17,
FUN-00723,Marketing,Pleno,48,M,60,7934.65,3.0,3,1,0,3,3,3.9,0,2019-12-28,
FUN-00724,Marketing,Pleno,29,M,25,8437.64,4.0,2,5,1,7,1,3.3,0,2022-11-12,
FUN-00725,Engenharia,Pleno,27,F,41,4775.14,3.0,2,4,0,0,1,2.7,0,2021-07-20,
FUN-00726,Marketing,Pleno,26,F,15,7206.85,4.0,2,3,0,0,7,3.6,0,2023-09-08,
FUN-00727,Suporte,Gerente,31,F,4,18762.47,4.0,2,2,0,1,1,5.0,0,2024-08-03,
FUN-00728,Vendas,Sênior,33,F,35,7685.71,1.0,1,2,0,11,7,4.9,1,2022-01-16,2024-12-01
FUN-00729,Operações,Coordenador,35,M,117,13675.06,2.0,2,3,1,6,7,3.9,0,2015-04-23,
FUN-00730,Engenharia,Júnior,32,M,50,2934.97,2.0,4,2,0,2,2,3.1,0,2020-10-23,
FUN-00731,Operações,Júnior,34,F,35,3290.13,5.0,3,3,1,11,1,2.2,0,2022-01-16,
FUN-00732,Financeiro,Pleno,30,F,29,5397.41,4.0,3,2,0,8,2,3.3,0,2022-07-15,
FUN-00733,Suporte,Pleno,34,F,23,5358.8,5.0,2,2,0,0,5,3.7,0,2023-01-11,
FUN-00734,Suporte,Júnior,43,F,38,3646.51,2.0,3,4,0,8,3,5.0,0,2021-10-18,
FUN-00735,Suporte,Júnior,28,F,69,2978.23,5.0,1,5,0,11,5,3.2,0,2019-04-02,
FUN-00736,Vendas,Júnior,27,F,14,2401.1,2.0,2,2,0,10,7,4.3,0,2023-10-08,
FUN-00737,Engenharia,Sênior,26,M,53,10882.73,2.0,4,3,0,0,7,3.0,1,2020-07-25,2024-12-01
FUN-00738,Operações,Júnior,30,M,1,4971.43,3.0,3,2,1,4,3,1.5,0,2024-11-01,
FUN-00739,Operações,Sênior,34,M,32,9091.97,2.0,2,2,0,5,3,3.4,1,2022-04-16,2024-12-01
FUN-00740,Vendas,Júnior,44,F,1,3656.6,2.0,1,3,0,17,1,2.9,0,2024-11-01,
FUN-00741,Engenharia,Sênior,40,M,70,11004.13,2.0,3,4,1,16,5,3.4,0,2019-03-03,
FUN-00742,Produto,Júnior,33,M,30,3764.17,4.0,3,4,0,8,5,4.3,0,2022-06-15,
FUN-00743,Engenharia,Sênior,31,M,24,12091.24,3.0,2,3,1,7,5,2.4,0,2022-12-12,
FUN-00744,Produto,Júnior,28,M,44,4037.49,4.0,1,1,0,4,3,3.0,1,2021-04-21,2024-12-01
FUN-00745,Engenharia,Pleno,28,M,26,7178.39,4.0,3,3,1,0,7,2.5,0,2022-10-13,
FUN-00746,RH,Gerente,25,M,23,23651.46,4.0,1,2,0,9,6,3.8,0,2023-01-11,
FUN-00747,Suporte,Júnior,26,M,39,4125.68,3.0,3,4,0,0,3,3.2,0,2021-09-18,
FUN-00748,Financeiro,Pleno,35,F,41,4841.46,,3,2,0,11,5,1.8,0,2021-07-20,
FUN-00749,Operações,Pleno,32,M,93,5581.37,1.0,1,4,0,8,5,4.1,0,2017-04-12,
FUN-00750,Financeiro,Júnior,34,F,1,2525.25,4.0,3,1,0,10,6,4.7,1,2024-11-01,2024-12-01
FUN-00751,Marketing,Gerente,27,M,1,20219.06,3.0,3,1,1,17,4,4.1,1,2024-11-01,2024-12-01
FUN-00752,Operações,Coordenador,24,M,37,12810.78,4.0,4,3,0,16,2,5.0,0,2021-11-17,
FUN-00753,Engenharia,Pleno,30,F,37,5312.7,3.0,2,4,0,12,5,3.3,0,2021-11-17,
FUN-00754,Produto,Pleno,43,F,45,5739.03,2.0,5,1,1,8,4,3.8,0,2021-03-22,
FUN-00755,Vendas,Júnior,32,M,17,4257.31,1.0,2,4,0,11,1,4.3,0,2023-07-10,
FUN-00756,Financeiro,Sênior,31,M,32,13641.28,4.0,3,4,0,15,3,3.2,0,2022-04-16,
FUN-00757,Produto,Júnior,33,M,42,4263.95,3.0,3,1,0,9,4,2.8,0,2021-06-20,
FUN-00758,Produto,Coordenador,27,M,1,14041.84,3.0,4,4,0,14,1,,0,2024-11-01,
FUN-00759,Operações,Coordenador,29,F,23,8611.09,4.0,4,3,0,1,2,3.9,1,2023-01-11,2024-12-01
FUN-00760,Vendas,Sênior,30,M,23,12858.77,2.0,3,2,0,5,4,4.9,1,2023-01-11,2024-12-01
FUN-00761,Operações,Júnior,31,M,1,2813.46,2.0,4,1,0,13,4,3.9,1,2024-11-01,2024-12-01
FUN-00762,Suporte,Júnior,34,M,44,3425.72,3.0,4,3,0,11,5,2.0,0,2021-04-21,
FUN-00763,Vendas,Pleno,42,M,64,6058.23,1.0,1,1,0,7,3,2.6,1,2019-08-30,2024-12-01
FUN-00764,Operações,Júnior,36,F,14,3238.65,3.0,2,2,0,3,5,2.4,0,2023-10-08,
FUN-00765,Financeiro,Pleno,42,F,13,7252.34,2.0,5,3,0,8,1,3.1,0,2023-11-07,
FUN-00766,Vendas,Pleno,26,M,1,6541.04,2.0,1,1,1,7,6,4.5,0,2024-11-01,
FUN-00767,Engenharia,Coordenador,36,M,53,12209.88,3.0,4,3,0,5,5,3.5,0,2020-07-25,
FUN-00768,Operações,Sênior,22,F,29,11223.44,2.0,3,3,1,10,2,,0,2022-07-15,
FUN-00769,Engenharia,Júnior,33,M,25,4190.88,5.0,3,2,0,14,3,4.1,1,2022-11-12,2024-12-01
FUN-00770,Operações,Pleno,34,M,9,8480.11,4.0,3,2,0,3,5,1.8,0,2024-03-06,
FUN-00771,RH,Sênior,30,M,23,10700.95,5.0,1,1,1,8,3,3.2,0,2023-01-11,
FUN-00772,Vendas,Sênior,38,F,42,9082.67,3.0,1,4,0,4,7,2.5,0,2021-06-20,
FUN-00773,Operações,Júnior,31,M,2,3439.89,1.0,4,1,0,9,4,4.2,0,2024-10-02,
FUN-00774,Financeiro,Sênior,33,F,63,10889.24,4.0,1,3,0,14,5,4.8,0,2019-09-29,
FUN-00775,Vendas,Pleno,32,M,40,7862.39,1.0,2,3,0,7,6,4.1,1,2021-08-19,2024-12-01
FUN-00776,Vendas,Pleno,39,M,41,9587.39,3.0,1,1,0,7,4,2.9,1,2021-07-20,2024-12-01
FUN-00777,Produto,Gerente,43,F,41,11603.84,3.0,4,2,0,0,7,3.4,0,2021-07-20,
FUN-00778,RH,Júnior,28,M,37,3814.08,4.0,3,3,0,5,7,2.4,0,2021-11-17,
FUN-00779,Vendas,Pleno,35,F,24,5541.67,2.0,1,5,0,6,6,3.5,1,2022-12-12,2024-12-01
FUN-00780,Financeiro,Pleno,42,M,43,7610.81,2.0,3,1,0,9,1,3.6,1,2021-05-21,2024-12-01
FUN-00781,Financeiro,Pleno,31,F,32,6488.16,5.0,3,1,0,2,4,2.7,0,2022-04-16,
FUN-00782,Marketing,Júnior,42,M,23,3558.2,1.0,3,3,0,5,5,3.5,0,2023-01-11,
FUN-00783,Suporte,Pleno,41,F,41,4766.24,3.0,4,2,1,11,4,4.1,0,2021-07-20,
FUN-00784,Operações,Gerente,42,M,11,23091.72,4.0,3,3,0,17,7,3.7,1,2024-01-06,2024-12-01
FUN-00785,Operações,Júnior,22,F,31,2344.95,3.0,2,4,0,6,7,4.1,0,2022-05-16,
FUN-00786,Operações,Sênior,39,M,66,13850.72,3.0,3,2,0,7,3,3.9,0,2019-07-01,
FUN-00787,Financeiro,Júnior,24,F,5,3519.56,3.0,1,1,0,12,2,3.1,1,2024-07-04,2024-12-01
FUN-00788,Engenharia,Júnior,30,F,20,3596.19,1.0,3,3,0,6,7,2.5,0,2023-04-11,
FUN-00789,RH,Pleno,47,M,1,5778.2,3.0,3,2,0,4,2,3.5,0,2024-11-01,
FUN-00790,Suporte,Sênior,26,M,51,11247.17,3.0,4,3,0,5,2,2.3,0,2020-09-23,
FUN-00791,Produto,Pleno,28,M,29,8192.15,2.0,4,1,0,1,4,4.0,1,2022-07-15,2024-12-01
FUN-00792,Financeiro,Pleno,22,F,40,6873.61,2.0,4,1,1,13,4,2.9,1,2021-08-19,2024-12-01
FUN-00793,Marketing,Júnior,26,M,17,4229.52,4.0,4,3,1,10,3,3.6,1,2023-07-10,2024-12-01
FUN-00794,Produto,Pleno,29,M,18,6568.62,1.0,3,2,0,7,2,3.4,0,2023-06-10,
FUN-00795,Produto,Sênior,28,M,22,14363.32,3.0,2,1,1,8,7,2.6,0,2023-02-10,
FUN-00796,Vendas,Júnior,42,M,14,4471.33,3.0,1,2,1,4,5,3.3,1,2023-10-08,2024-12-01
FUN-00797,Produto,Júnior,36,F,1,3245.81,3.0,1,4,1,13,6,4.4,0,2024-11-01,
FUN-00798,Suporte,Sênior,33,M,44,11497.21,4.0,4,4,0,14,7,3.1,1,2021-04-21,2024-12-01
FUN-00799,Marketing,Júnior,34,F,31,3256.77,5.0,3,1,1,5,1,5.0,0,2022-05-16,
FUN-00800,RH,Pleno,27,M,44,6926.09,1.0,3,5,0,18,6,3.4,0,2021-04-21,
FUN-00801,Engenharia,Sênior,33,M,80,11429.07,3.0,2,2,0,1,7,4.3,0,2018-05-07,
FUN-00802,Marketing,Sênior,41,M,12,10618.96,4.0,3,3,0,6,7,3.0,1,2023-12-07,2024-12-01
FUN-00803,Marketing,Júnior,31,F,20,3634.64,2.0,3,1,0,3,3,3.8,1,2023-04-11,2024-12-01
FUN-00804,Suporte,Pleno,40,M,1,6443.87,2.0,4,2,0,9,1,3.8,1,2024-11-01,2024-12-01
FUN-00805,Vendas,Pleno,41,F,78,6127.07,2.0,1,3,0,1,4,4.1,1,2018-07-06,2024-12-01
FUN-00806,Vendas,Sênior,34,F,70,8693.27,2.0,1,4,1,1,3,5.0,0,2019-03-03,
FUN-00807,Engenharia,Coordenador,22,F,65,9267.45,3.0,4,2,0,8,4,3.0,0,2019-07-31,
FUN-00808,RH,Gerente,32,M,8,18646.44,3.0,3,2,0,11,7,4.3,0,2024-04-05,
FUN-00809,Marketing,Sênior,27,M,68,11642.05,2.0,3,2,0,8,1,3.4,0,2019-05-02,
FUN-00810,Marketing,Pleno,29,F,29,5724.2,2.0,2,2,0,10,2,3.8,0,2022-07-15,
FUN-00811,Operações,Pleno,34,M,60,7565.55,3.0,4,3,0,7,2,4.0,0,2019-12-28,
FUN-00812,Vendas,Júnior,29,M,36,3893.68,1.0,1,1,0,19,3,3.6,1,2021-12-17,2024-12-01
FUN-00813,RH,Pleno,35,M,33,7468.39,2.0,2,4,0,0,5,3.3,0,2022-03-17,
FUN-00814,RH,Júnior,39,M,19,3773.53,4.0,4,2,1,17,2,3.2,0,2023-05-11,
FUN-00815,Engenharia,Pleno,26,F,58,5533.41,2.0,3,2,0,5,6,4.0,1,2020-02-26,2024-12-01
FUN-00816,Vendas,Coordenador,33,F,59,10257.63,1.0,1,3,1,8,5,,1,2020-01-27,2024-12-01
FUN-00817,RH,Sênior,32,M,12,11628.29,1.0,2,4,1,8,1,3.4,0,2023-12-07,
FUN-00818,Financeiro,Gerente,26,M,46,12881.08,2.0,3,2,0,9,6,4.6,1,2021-02-20,2024-12-01
FUN-00819,Vendas,Sênior,41,M,36,11842.87,2.0,1,2,1,0,7,4.0,0,2021-12-17,
FUN-00820,Suporte,Júnior,27,F,87,3751.63,5.0,4,3,1,0,2,4.5,0,2017-10-09,
FUN-00821,Suporte,Júnior,39,F,70,2101.61,2.0,3,1,1,0,3,3.0,0,2019-03-03,
FUN-00822,Suporte,Coordenador,28,F,46,11199.02,3.0,2,3,0,6,5,4.3,0,2021-02-20,
FUN-00823,Marketing,Coordenador,28,M,31,17421.6,1.0,3,3,1,4,2,3.3,1,2022-05-16,2024-12-01
FUN-00824,Operações,Júnior,26,F,65,3655.19,4.0,4,2,0,18,7,3.1,0,2019-07-31,
FUN-00825,Engenharia,Sênior,27,F,1,8786.22,2.0,2,5,1,11,3,3.6,1,2024-11-01,2024-12-01
FUN-00826,Engenharia,Sênior,35,M,20,13454.42,1.0,2,2,0,0,6,2.5,0,2023-04-11,
FUN-00827,Financeiro,Pleno,41,F,1,7513.35,4.0,2,2,0,13,5,4.9,0,2024-11-01,
FUN-00828,RH,Gerente,41,F,91,19209.22,3.0,3,3,0,14,4,2.8,0,2017-06-11,
FUN-00829,Suporte,Sênior,45,M,25,11968.24,4.0,3,2,0,9,4,4.8,0,2022-11-12,
FUN-00830,Produto,Sênior,48,F,15,11634.22,3.0,4,4,0,16,7,4.3,0,2023-09-08,
FUN-00831,Engenharia,Júnior,30,M,10,4245.96,,1,3,0,6,4,2.5,0,2024-02-05,
FUN-00832,Operações,Sênior,40,M,35,11250.34,2.0,3,1,0,7,1,4.3,0,2022-01-16,
FUN-00833,Engenharia,Pleno,36,F,30,6419.94,3.0,1,3,0,4,6,2.4,0,2022-06-15,
FUN-00834,Engenharia,Pleno,28,F,28,7323.32,1.0,2,3,0,6,6,3.7,0,2022-08-14,
FUN-00835,RH,Júnior,38,M,62,3092.73,4.0,2,3,0,5,1,4.7,0,2019-10-29,
FUN-00836,Operações,Pleno,28,M,23,5998.29,3.0,5,4,0,16,7,2.0,0,2023-01-11,
FUN-00837,Produto,Júnior,44,F,82,2865.22,2.0,5,5,0,7,1,3.5,0,2018-03-08,
FUN-00838,Operações,Júnior,29,F,30,3169.91,4.0,3,4,0,8,3,3.4,0,2022-06-15,
FUN-00839,Vendas,Pleno,22,M,23,7236.93,1.0,1,4,1,0,5,2.8,0,2023-01-11,
FUN-00840,Marketing,Júnior,41,M,20,3743.09,3.0,3,2,0,13,7,2.4,0,2023-04-11,
FUN-00841,Produto,Pleno,40,M,53,7872.34,3.0,4,2,1,2,2,3.1,1,2020-07-25,2024-12-01
FUN-00842,Vendas,Pleno,23,F,33,4645.58,1.0,1,3,0,10,4,3.6,1,2022-03-17,2024-12-01
FUN-00843,Produto,Júnior,23,F,27,2971.71,4.0,1,3,0,16,6,5.0,0,2022-09-13,
FUN-00844,RH,Sênior,44,M,43,11536.77,2.0,2,3,0,10,5,2.4,1,2021-05-21,2024-12-01
FUN-00845,Vendas,Gerente,36,F,32,10439.25,1.0,1,3,0,0,5,3.3,1,2022-04-16,2024-12-01
FUN-00846,Engenharia,Júnior,34,F,10,5051.03,3.0,4,1,0,7,1,4.5,0,2024-02-05,
FUN-00847,Vendas,Sênior,22,F,42,8997.42,1.0,1,2,0,2,7,3.3,0,2021-06-20,
FUN-00848,Suporte,Gerente,32,F,1,22181.85,,3,1,0,4,7,4.5,0,2024-11-01,
FUN-00849,Engenharia,Coordenador,28,M,39,15767.86,3.0,3,3,0,7,7,2.5,0,2021-09-18,
FUN-00850,Vendas,Pleno,33,M,52,5384.47,1.0,1,3,0,6,3,3.4,0,2020-08-24,
FUN-00851,RH,Júnior,22,F,44,3921.62,1.0,2,4,0,8,6,4.4,1,2021-04-21,2024-12-01
FUN-00852,Financeiro,Pleno,31,M,46,8950.75,4.0,2,1,0,0,3,2.4,0,2021-02-20,
FUN-00853,Vendas,Júnior,36,M,18,3452.62,1.0,2,2,0,3,6,3.7,1,2023-06-10,2024-12-01
FUN-00854,Operações,Gerente,28,M,49,25510.16,3.0,3,1,1,15,3,3.8,0,2020-11-22,
FUN-00855,Operações,Sênior,36,M,29,10796.65,2.0,2,3,0,0,2,2.8,0,2022-07-15,
FUN-00856,Operações,Coordenador,39,M,21,14322.62,1.0,1,3,0,6,7,3.9,0,2023-03-12,
FUN-00857,Vendas,Sênior,25,F,20,9269.48,3.0,1,3,0,1,5,2.6,0,2023-04-11,
FUN-00858,RH,Pleno,45,M,14,6951.44,2.0,1,1,0,24,6,2.6,1,2023-10-08,2024-12-01
FUN-00859,Financeiro,Sênior,32,M,37,10091.05,3.0,4,1,0,7,7,3.1,0,2021-11-17,
FUN-00860,Financeiro,Gerente,40,M,31,18378.85,3.0,3,3,1,1,2,3.8,0,2022-05-16,
FUN-00861,Engenharia,Sênior,28,F,69,9839.89,3.0,2,4,0,14,1,4.7,0,2019-04-02,
FUN-00862,Produto,Sênior,31,M,1,12041.63,4.0,5,2,0,8,3,3.4,0,2024-11-01,
FUN-00863,Suporte,Júnior,27,F,59,3877.77,4.0,4,5,0,0,5,2.6,0,2020-01-27,
FUN-00864,RH,Pleno,31,F,18,6133.49,2.0,3,3,0,16,6,3.7,0,2023-06-10,
FUN-00865,Operações,Sênior,32,F,48,7949.01,4.0,1,1,0,10,3,3.6,1,2020-12-22,2024-12-01
FUN-00866,Vendas,Júnior,35,F,27,3375.73,2.0,1,3,1,15,2,3.4,1,2022-09-13,2024-12-01
FUN-00867,Produto,Gerente,22,F,1,16493.73,4.0,1,5,0,15,3,2.7,0,2024-11-01,
FUN-00868,Financeiro,Júnior,32,M,39,4161.82,2.0,2,4,0,6,3,3.6,0,2021-09-18,
FUN-00869,RH,Pleno,41,M,13,6685.47,4.0,4,1,1,11,5,4.0,1,2023-11-07,2024-12-01
FUN-00870,Operações,Pleno,32,M,36,6625.91,4.0,2,2,0,16,2,,0,2021-12-17,
FUN-00871,Produto,Sênior,38,F,1,8834.18,3.0,2,1,1,9,5,3.4,0,2024-11-01,
FUN-00872,Engenharia,Júnior,32,F,34,3870.28,2.0,2,1,0,8,5,4.1,1,2022-02-15,2024-12-01
FUN-00873,Financeiro,Júnior,25,M,27,4824.63,2.0,3,2,0,7,2,2.3,1,2022-09-13,2024-12-01
FUN-00874,Marketing,Pleno,30,M,1,5365.73,4.0,2,3,0,0,6,2.8,1,2024-11-01,2024-12-01
FUN-00875,Engenharia,Coordenador,32,F,19,11811.77,3.0,4,3,0,5,3,2.1,0,2023-05-11,
FUN-00876,Marketing,Sênior,33,M,2,11293.91,4.0,2,3,0,0,4,2.4,0,2024-10-02,
FUN-00877,RH,Pleno,38,M,95,6486.86,4.0,4,2,1,4,5,3.6,0,2017-02-11,
FUN-00878,Marketing,Júnior,50,F,31,3345.91,2.0,2,1,0,2,1,3.6,1,2022-05-16,2024-12-01
FUN-00879,Operações,Coordenador,28,M,53,15645.25,2.0,4,1,1,0,7,2.2,0,2020-07-25,
FUN-00880,Vendas,Júnior,26,F,19,3308.18,3.0,1,3,0,3,5,4.2,1,2023-05-11,2024-12-01
FUN-00881,Engenharia,Pleno,40,M,1,5969.68,4.0,3,1,0,1,4,3.2,0,2024-11-01,
FUN-00882,RH,Pleno,30,M,1,7383.94,2.0,4,1,0,7,1,3.5,0,2024-11-01,
FUN-00883,Operações,Sênior,31,F,106,8109.37,3.0,3,2,1,8,6,2.8,0,2016-03-18,
FUN-00884,RH,Júnior,32,M,37,5092.57,4.0,3,2,0,22,2,3.3,0,2021-11-17,
FUN-00885,Suporte,Gerente,22,M,23,21775.17,4.0,2,3,0,10,4,2.4,0,2023-01-11,
FUN-00886,Marketing,Pleno,23,F,3,6270.9,2.0,2,3,1,13,6,3.6,0,2024-09-02,
FUN-00887,Marketing,Pleno,32,M,11,6859.07,4.0,3,3,0,9,2,3.0,0,2024-01-06,
FUN-00888,Financeiro,Pleno,26,F,38,5111.23,2.0,2,2,0,4,6,3.0,1,2021-10-18,2024-12-01
FUN-00889,RH,Sênior,29,M,43,7924.03,4.0,4,3,0,10,2,4.4,0,2021-05-21,
FUN-00890,Suporte,Pleno,33,F,11,5950.19,3.0,4,1,0,17,3,3.7,0,2024-01-06,
FUN-00891,RH,Sênior,33,M,44,14726.52,4.0,3,5,0,6,6,2.7,0,2021-04-21,
FUN-00892,Vendas,Júnior,31,F,63,3695.51,2.0,1,3,0,10,6,3.4,0,2019-09-29,
FUN-00893,RH,Sênior,31,M,66,11914.56,,3,2,1,6,2,4.0,0,2019-07-01,
FUN-00894,Vendas,Coordenador,24,F,23,14943.35,1.0,1,1,0,12,4,3.3,1,2023-01-11,2024-12-01
FUN-00895,Suporte,Pleno,36,F,41,6291.76,5.0,3,1,0,2,1,,0,2021-07-20,
FUN-00896,Suporte,Júnior,31,M,68,3419.88,2.0,5,4,0,4,1,3.2,0,2019-05-02,
FUN-00897,Suporte,Júnior,22,F,79,4020.16,3.0,4,3,0,18,4,4.8,0,2018-06-06,
FUN-00898,Operações,Pleno,28,F,32,5106.64,3.0,3,4,0,10,5,3.2,0,2022-04-16,
FUN-00899,Produto,Júnior,43,F,55,3714.56,4.0,4,2,0,21,2,3.2,1,2020-05-26,2024-12-01
FUN-00900,Marketing,Coordenador,37,M,53,14727.04,3.0,4,3,0,6,6,2.3,0,2020-07-25,
FUN-00901,Suporte,Sênior,34,M,48,12436.41,3.0,3,3,0,13,1,3.6,0,2020-12-22,
FUN-00902,Vendas,Sênior,29,F,41,9557.69,1.0,1,2,1,0,5,3.9,0,2021-07-20,
FUN-00903,Financeiro,Pleno,30,M,61,6404.87,2.0,1,2,0,5,1,3.8,1,2019-11-28,2024-12-01
FUN-00904,Marketing,Coordenador,33,M,83,12457.7,3.0,2,1,0,0,3,3.8,0,2018-02-06,
FUN-00905,Operações,Júnior,36,M,40,5130.14,5.0,3,1,0,5,6,2.9,0,2021-08-19,
FUN-00906,Vendas,Pleno,29,F,45,4931.0,3.0,3,2,1,21,4,2.6,0,2021-03-22,
FUN-00907,Engenharia,Júnior,23,M,19,4399.69,3.0,1,1,0,11,5,5.0,1,2023-05-11,2024-12-01
FUN-00908,Marketing,Gerente,45,M,66,25838.73,3.0,4,1,0,3,1,3.9,1,2019-07-01,2024-12-01
FUN-00909,Produto,Sênior,24,F,11,8500.62,1.0,4,1,0,9,6,5.0,0,2024-01-06,
FUN-00910,Vendas,Pleno,36,M,38,6849.5,3.0,2,2,1,5,5,3.3,0,2021-10-18,
FUN-00911,Engenharia,Coordenador,39,F,1,13757.8,3.0,3,4,0,4,5,2.8,1,2024-11-01,2024-12-01
FUN-00912,Suporte,Sênior,42,F,64,10860.12,3.0,5,1,0,6,3,3.9,0,2019-08-30,
FUN-00913,Financeiro,Coordenador,31,M,63,18558.01,3.0,2,4,0,8,6,3.7,0,2019-09-29,
FUN-00914,Financeiro,Júnior,25,F,28,3255.0,4.0,2,3,0,10,7,3.8,0,2022-08-14,
FUN-00915,Vendas,Sênior,30,M,64,12832.29,2.0,1,3,1,5,6,3.3,1,2019-08-30,2024-12-01
FUN-00916,Vendas,Coordenador,36,F,7,12887.0,1.0,1,3,1,14,4,3.9,1,2024-05-05,2024-12-01
FUN-00917,Vendas,Sênior,42,M,35,11366.76,1.0,1,2,0,15,1,2.9,0,2022-01-16,
FUN-00918,Operações,Pleno,39,F,2,5465.11,3.0,3,3,1,24,5,3.1,0,2024-10-02,
FUN-00919,Financeiro,Sênior,49,F,86,8011.12,3.0,2,2,0,1,5,4.3,0,2017-11-08,
FUN-00920,Marketing,Sênior,34,M,21,10358.24,5.0,2,4,0,12,3,4.0,0,2023-03-12,
FUN-00921,Suporte,Júnior,32,M,32,3595.02,2.0,3,3,1,6,1,4.4,0,2022-04-16,
FUN-00922,Operações,Júnior,29,F,5,4258.97,3.0,1,3,0,10,5,2.7,0,2024-07-04,
FUN-00923,Financeiro,Pleno,38,F,39,7834.29,4.0,3,1,1,12,3,4.3,0,2021-09-18,
FUN-00924,Vendas,Pleno,42,M,63,6455.4,1.0,1,5,0,10,6,3.6,0,2019-09-29,
FUN-00925,Engenharia,Coordenador,35,M,92,12903.95,2.0,1,1,0,17,6,3.5,1,2017-05-12,2024-12-01
FUN-00926,Suporte,Júnior,55,F,23,3127.53,4.0,1,5,0,15,7,3.7,0,2023-01-11,
FUN-00927,Operações,Pleno,44,F,49,7116.85,2.0,1,2,0,0,4,3.3,1,2020-11-22,2024-12-01
FUN-00928,Marketing,Pleno,36,M,17,6401.06,3.0,3,1,0,8,6,3.9,0,2023-07-10,
FUN-00929,Marketing,Coordenador,32,M,8,10897.35,3.0,1,2,1,17,3,3.1,1,2024-04-05,2024-12-01
FUN-00930,Financeiro,Pleno,35,F,48,7998.45,4.0,2,3,0,0,4,5.0,0,2020-12-22,
FUN-00931,Operações,Pleno,35,M,55,6287.38,3.0,4,3,0,0,1,3.6,0,2020-05-26,
FUN-00932,RH,Coordenador,34,F,42,11010.28,5.0,4,2,0,19,3,2.6,0,2021-06-20,
FUN-00933,Suporte,Pleno,32,F,29,6736.93,4.0,2,3,0,4,1,4.1,0,2022-07-15,
FUN-00934,Produto,Sênior,23,F,25,9410.97,2.0,4,3,0,13,5,3.3,0,2022-11-12,
FUN-00935,Suporte,Pleno,29,M,55,5450.9,2.0,1,1,1,13,6,4.2,0,2020-05-26,
FUN-00936,Marketing,Sênior,43,M,23,9573.08,3.0,4,3,0,7,6,2.9,0,2023-01-11,
FUN-00937,Engenharia,Pleno,29,M,1,7432.67,3.0,3,1,0,15,6,3.4,0,2024-11-01,
FUN-00938,Marketing,Pleno,42,M,39,7405.19,1.0,3,3,1,9,6,2.8,0,2021-09-18,
FUN-00939,Engenharia,Pleno,39,F,16,6440.15,1.0,3,3,0,3,5,3.0,0,2023-08-09,
FUN-00940,RH,Júnior,33,M,6,4293.21,5.0,3,4,0,6,7,4.5,0,2024-06-04,
FUN-00941,Vendas,Coordenador,22,F,28,12394.21,1.0,2,1,0,11,2,3.6,0,2022-08-14,
FUN-00942,RH,Pleno,29,M,39,6651.89,3.0,4,1,0,14,5,3.3,0,2021-09-18,
FUN-00943,Produto,Sênior,42,M,19,11128.38,,5,1,0,5,4,4.0,1,2023-05-11,2024-12-01
FUN-00944,Financeiro,Pleno,36,F,27,7581.89,4.0,5,1,0,4,3,3.0,1,2022-09-13,2024-12-01
FUN-00945,RH,Coordenador,35,F,18,14087.04,3.0,4,1,0,8,6,3.5,0,2023-06-10,
FUN-00946,RH,Pleno,32,F,49,5550.24,4.0,2,4,1,10,5,3.0,0,2020-11-22,
FUN-00947,RH,Júnior,42,M,13,2961.73,3.0,2,2,1,0,2,2.4,1,2023-11-07,2024-12-01
FUN-00948,Produto,Pleno,38,F,1,7350.65,4.0,2,5,0,4,1,3.3,0,2024-11-01,
FUN-00949,Vendas,Júnior,28,F,15,2890.63,3.0,1,4,0,1,7,3.5,0,2023-09-08,
FUN-00950,RH,Sênior,38,M,21,12855.48,3.0,3,1,0,11,1,3.5,0,2023-03-12,
FUN-00951,Produto,Sênior,26,M,40,10029.79,5.0,4,3,0,19,3,3.6,0,2021-08-19,
FUN-00952,Financeiro,Júnior,35,M,58,3762.89,5.0,2,5,0,13,5,2.3,0,2020-02-26,
FUN-00953,Produto,Sênior,48,M,37,4323.4,4.0,3,5,0,12,4,3.9,1,2021-11-17,2024-12-01
FUN-00954,Operações,Júnior,27,F,24,3350.68,2.0,2,2,0,10,6,3.2,0,2022-12-12,
FUN-00955,RH,Júnior,37,F,83,2767.83,3.0,3,2,0,1,3,4.0,0,2018-02-06,
FUN-00956,Marketing,Sênior,32,F,30,10523.71,5.0,2,4,1,0,7,4.4,0,2022-06-15,
FUN-00957,Marketing,Pleno,35,F,63,4334.44,4.0,3,2,0,22,2,2.9,0,2019-09-29,
FUN-00958,Produto,Gerente,32,F,67,13693.98,2.0,1,3,0,14,5,3.7,0,2019-06-01,
FUN-00959,Engenharia,Gerente,33,M,16,19915.83,3.0,2,4,1,7,7,4.0,0,2023-08-09,
FUN-00960,Engenharia,Gerente,27,M,18,24361.1,2.0,3,2,0,4,7,4.3,0,2023-06-10,
FUN-00961,Operações,Pleno,32,M,26,6828.27,3.0,2,5,0,0,4,2.9,0,2022-10-13,
FUN-00962,Engenharia,Sênior,34,M,1,11945.4,3.0,3,3,0,4,1,3.8,0,2024-11-01,
FUN-00963,Marketing,Pleno,25,F,40,5530.39,3.0,3,3,0,9,1,3.6,0,2021-08-19,
FUN-00964,Vendas,Júnior,22,F,27,3318.24,1.0,1,2,0,12,6,4.6,1,2022-09-13,2024-12-01
FUN-00965,Operações,Sênior,34,M,28,7714.6,3.0,2,2,0,11,3,2.3,1,2022-08-14,2024-12-01
FUN-00966,Financeiro,Júnior,31,M,71,4994.8,4.0,4,3,0,10,7,3.1,0,2019-02-01,
FUN-00967,RH,Coordenador,31,F,33,12141.67,4.0,3,3,0,7,1,2.7,0,2022-03-17,
FUN-00968,Vendas,Sênior,38,M,3,9878.19,2.0,2,3,0,8,1,4.3,1,2024-09-02,2024-12-01
FUN-00969,Engenharia,Sênior,33,F,39,9902.47,3.0,2,3,0,8,2,2.6,0,2021-09-18,
FUN-00970,Marketing,Sênior,35,M,1,10642.2,4.0,2,5,0,0,6,3.2,0,2024-11-01,
FUN-00971,Produto,Sênior,36,F,75,10098.9,4.0,3,4,0,5,1,4.2,0,2018-10-04,
FUN-00972,Operações,Sênior,39,M,68,11776.12,4.0,2,3,1,7,6,2.9,0,2019-05-02,
FUN-00973,Financeiro,Júnior,33,F,40,3845.84,4.0,3,3,0,12,7,3.7,0,2021-08-19,
FUN-00974,Suporte,Júnior,48,M,1,3531.43,4.0,1,1,0,0,4,3.1,0,2024-11-01,
FUN-00975,Marketing,Gerente,36,M,6,18863.29,2.0,3,2,1,9,1,3.8,0,2024-06-04,
FUN-00976,Vendas,Sênior,33,M,41,9749.8,1.0,1,3,1,8,2,2.8,0,2021-07-20,
FUN-00977,Operações,Júnior,35,M,62,4052.9,3.0,3,2,1,12,6,3.4,0,2019-10-29,
FUN-00978,Produto,Pleno,36,F,53,6025.92,4.0,3,2,1,2,6,2.8,0,2020-07-25,
FUN-00979,Suporte,Júnior,35,F,30,2764.85,,4,3,0,0,2,3.9,0,2022-06-15,
FUN-00980,Financeiro,Sênior,29,F,58,10128.11,1.0,3,3,0,18,3,3.8,1,2020-02-26,2024-12-01
FUN-00981,Vendas,Júnior,38,M,61,4436.63,1.0,1,3,0,6,6,3.0,1,2019-11-28,2024-12-01
FUN-00982,Produto,Júnior,29,M,14,4230.19,5.0,2,4,0,5,2,4.8,0,2023-10-08,
FUN-00983,Financeiro,Júnior,28,F,1,3751.96,4.0,2,3,0,14,2,3.7,0,2024-11-01,
FUN-00984,Operações,Gerente,27,F,9,10073.78,4.0,2,3,1,16,7,4.2,0,2024-03-06,
FUN-00985,Operações,Júnior,29,F,92,4084.21,3.0,1,3,0,5,6,3.0,0,2017-05-12,
FUN-00986,Operações,Sênior,38,F,17,9934.87,2.0,3,1,0,6,3,2.3,0,2023-07-10,
FUN-00987,Operações,Júnior,40,M,13,3772.77,5.0,4,3,0,4,6,3.3,0,2023-11-07,
FUN-00988,Marketing,Gerente,32,F,52,18142.77,3.0,2,3,0,9,3,4.0,0,2020-08-24,
FUN-00989,Financeiro,Coordenador,28,F,49,11761.72,2.0,3,1,0,10,4,3.5,1,2020-11-22,2024-12-01
FUN-00990,RH,Pleno,25,M,25,7876.36,3.0,2,2,0,20,2,2.3,0,2022-11-12,
FUN-00991,Marketing,Coordenador,28,M,24,17813.13,3.0,3,2,0,12,1,3.6,0,2022-12-12,
FUN-00992,RH,Júnior,49,M,47,4328.5,4.0,4,1,0,7,2,2.2,0,2021-01-21,
FUN-00993,Produto,Coordenador,22,M,1,12236.33,3.0,2,1,0,0,4,3.6,0,2024-11-01,
FUN-00994,Vendas,Sênior,40,F,33,9569.85,1.0,3,3,0,15,1,4.0,1,2022-03-17,2024-12-01
FUN-00995,RH,Júnior,32,M,25,4405.46,3.0,3,2,1,5,6,,0,2022-11-12,
FUN-00996,Marketing,Júnior,39,M,56,3880.11,2.0,3,2,0,23,2,3.5,1,2020-04-26,2024-12-01
FUN-00997,Financeiro,Sênior,26,M,51,10875.12,2.0,3,4,0,3,3,3.4,0,2020-09-23,
FUN-00998,Suporte,Pleno,27,M,13,5869.63,3.0,1,3,0,4,7,3.3,1,2023-11-07,2024-12-01
FUN-00999,Engenharia,Júnior,35,M,10,3969.23,2.0,2,5,1,3,6,3.0,0,2024-02-05,
FUN-01000,Financeiro,Gerente,33,M,62,20388.95,3.0,2,3,0,2,4,4.4,0,2019-10-29,
FUN-01001,RH,Júnior,25,F,73,3539.53,3.0,2,3,0,4,6,4.6,0,2018-12-03,
FUN-01002,Operações,Júnior,38,M,44,3912.3,3.0,3,1,0,5,3,3.4,0,2021-04-21,
FUN-01003,Marketing,Coordenador,27,M,25,15409.27,4.0,2,3,0,11,4,3.4,0,2022-11-12,
FUN-01004,RH,Júnior,31,F,54,2893.03,3.0,3,3,0,13,6,5.0,1,2020-06-25,2024-12-01
FUN-01005,Financeiro,Sênior,33,F,26,6350.54,2.0,3,2,0,12,7,2.9,0,2022-10-13,
FUN-01006,RH,Sênior,22,F,84,7476.46,4.0,3,3,0,1,5,3.6,0,2018-01-07,
FUN-01007,Vendas,Pleno,31,M,43,6337.87,1.0,2,3,1,8,3,3.4,1,2021-05-21,2024-12-01
FUN-01008,Produto,Pleno,30,F,13,6143.56,3.0,2,1,1,8,2,3.7,0,2023-11-07,
FUN-01009,Financeiro,Sênior,35,M,91,11054.61,3.0,4,3,1,10,7,2.7,0,2017-06-11,
FUN-01010,Engenharia,Júnior,22,F,32,3570.04,2.0,4,4,1,12,1,3.1,0,2022-04-16,
FUN-01011,Vendas,Pleno,38,F,54,6047.57,2.0,1,3,0,14,3,3.7,0,2020-06-25,
FUN-01012,Produto,Júnior,22,M,46,4654.63,3.0,2,5,0,3,5,2.7,0,2021-02-20,
FUN-01013,Marketing,Pleno,27,M,39,5684.79,3.0,3,1,1,0,6,4.7,0,2021-09-18,
FUN-01014,RH,Júnior,34,F,15,3462.82,3.0,2,5,0,0,6,3.7,1,2023-09-08,2024-12-01
FUN-01015,Financeiro,Pleno,42,F,58,7363.02,3.0,1,2,0,11,2,4.4,1,2020-02-26,2024-12-01
FUN-01016,Financeiro,Coordenador,40,F,17,10786.32,3.0,4,4,0,9,1,3.6,0,2023-07-10,
FUN-01017,Operações,Sênior,42,F,27,8811.6,4.0,2,4,0,10,4,2.7,0,2022-09-13,
FUN-01018,Marketing,Pleno,29,M,35,7930.69,3.0,1,2,1,3,1,3.7,0,2022-01-16,
FUN-01019,Financeiro,Pleno,37,M,19,6819.22,1.0,2,5,1,6,4,4.7,0,2023-05-11,
FUN-01020,RH,Pleno,38,F,17,7006.35,2.0,2,5,0,12,3,,1,2023-07-10,2024-12-01
FUN-01021,Produto,Sênior,35,F,48,8163.77,2.0,3,2,1,17,1,4.5,0,2020-12-22,
FUN-01022,Operações,Júnior,44,F,12,3302.58,4.0,5,4,0,13,1,4.8,0,2023-12-07,
FUN-01023,Financeiro,Pleno,28,F,41,8402.6,3.0,5,3,0,7,3,3.2,0,2021-07-20,
FUN-01024,Financeiro,Pleno,33,M,22,7620.15,,4,4,0,15,5,4.2,1,2023-02-10,2024-12-01
FUN-01025,Produto,Pleno,33,M,61,7826.77,4.0,3,4,1,10,2,5.0,0,2019-11-28,
FUN-01026,Suporte,Sênior,41,M,37,7050.89,3.0,4,2,0,6,7,3.0,1,2021-11-17,2024-12-01
FUN-01027,Produto,Coordenador,28,F,25,9749.54,4.0,2,2,0,14,7,2.6,0,2022-11-12,
FUN-01028,Suporte,Pleno,26,F,58,5989.07,3.0,2,1,0,11,5,4.2,1,2020-02-26,2024-12-01
FUN-01029,Suporte,Sênior,24,M,27,10616.74,3.0,3,2,1,15,2,3.8,0,2022-09-13,
FUN-01030,Financeiro,Sênior,26,M,63,11684.5,3.0,3,2,0,14,4,4.2,0,2019-09-29,
FUN-01031,Financeiro,Júnior,26,M,59,3538.32,3.0,2,3,0,14,6,1.9,0,2020-01-27,
FUN-01032,Produto,Júnior,44,F,15,3262.16,2.0,3,4,0,7,7,2.9,0,2023-09-08,
FUN-01033,Financeiro,Pleno,30,M,56,6150.4,5.0,3,2,0,12,1,3.5,0,2020-04-26,
FUN-01034,Produto,Pleno,40,F,1,4593.08,2.0,3,3,0,1,6,3.3,0,2024-11-01,
FUN-01035,Vendas,Sênior,35,F,13,8290.58,2.0,1,1,0,9,7,4.8,1,2023-11-07,2024-12-01
FUN-01036,Operações,Pleno,40,M,28,7067.96,3.0,2,3,1,6,2,4.0,0,2022-08-14,
FUN-01037,Financeiro,Pleno,31,F,67,6185.84,2.0,3,4,1,5,1,2.2,0,2019-06-01,
FUN-01038,RH,Coordenador,42,F,54,9293.06,,4,2,0,14,1,1.6,0,2020-06-25,
FUN-01039,Engenharia,Coordenador,37,F,28,10482.2,4.0,2,2,1,2,1,2.2,0,2022-08-14,
FUN-01040,Operações,Gerente,31,F,66,18711.24,2.0,3,1,0,5,7,3.1,0,2019-07-01,
FUN-01041,Marketing,Pleno,23,M,15,6338.97,4.0,4,2,0,10,4,2.8,0,2023-09-08,
FUN-01042,Engenharia,Júnior,32,F,16,3550.38,5.0,2,2,1,14,3,4.1,0,2023-08-09,
FUN-01043,Marketing,Sênior,35,M,70,9868.84,3.0,1,3,0,16,7,3.9,0,2019-03-03,
FUN-01044,RH,Júnior,39,M,26,4435.14,1.0,2,2,0,0,7,4.3,1,2022-10-13,2024-12-01
FUN-01045,Produto,Júnior,35,M,45,4860.37,2.0,2,4,0,5,2,3.5,0,2021-03-22,
FUN-01046,Produto,Júnior,25,M,83,3431.96,2.0,5,3,0,4,5,4.2,0,2018-02-06,
FUN-01047,Produto,Júnior,32,F,55,3439.24,2.0,3,3,1,6,5,1.7,0,2020-05-26,
FUN-01048,Vendas,Gerente,40,M,1,19901.43,1.0,1,2,1,7,1,3.4,0,2024-11-01,
FUN-01049,RH,Pleno,27,F,75,5689.81,2.0,3,4,0,16,4,3.5,0,2018-10-04,
FUN-01050,Financeiro,Pleno,48,F,69,5118.58,3.0,5,2,0,8,3,2.8,0,2019-04-02,
FUN-01051,Operações,Júnior,36,M,12,3508.98,4.0,3,4,0,7,1,2.4,0,2023-12-07,
FUN-01052,Produto,Júnior,27,M,71,3896.6,3.0,3,4,0,6,3,4.2,0,2019-02-01,
FUN-01053,Operações,Júnior,26,M,33,3884.2,4.0,5,3,0,16,6,4.1,0,2022-03-17,
FUN-01054,RH,Sênior,36,F,12,8422.59,2.0,3,1,0,9,4,3.1,0,2023-12-07,
FUN-01055,Suporte,Sênior,29,F,7,9502.78,4.0,3,1,0,0,6,3.6,0,2024-05-05,
FUN-01056,Engenharia,Pleno,22,F,29,7164.21,5.0,5,4,0,12,6,3.6,0,2022-07-15,
FUN-01057,Operações,Júnior,29,M,32,4139.82,3.0,2,4,0,13,6,4.4,0,2022-04-16,
FUN-01058,Suporte,Pleno,22,M,53,6584.71,1.0,2,4,1,19,7,5.0,0,2020-07-25,
FUN-01059,Suporte,Júnior,33,M,40,4373.05,2.0,2,3,1,2,7,3.6,1,2021-08-19,2024-12-01
FUN-01060,Operações,Júnior,38,M,26,4480.39,3.0,5,4,0,3,3,3.0,1,2022-10-13,2024-12-01
FUN-01061,Operações,Sênior,25,F,58,7469.43,2.0,2,3,1,0,5,3.1,0,2020-02-26,
FUN-01062,RH,Júnior,40,F,54,3925.35,5.0,3,1,0,7,3,2.6,1,2020-06-25,2024-12-01
FUN-01063,Financeiro,Júnior,22,F,31,2820.13,,2,1,0,15,2,3.6,0,2022-05-16,
FUN-01064,RH,Pleno,46,F,13,5406.08,1.0,3,3,0,9,1,4.1,1,2023-11-07,2024-12-01
FUN-01065,Suporte,Sênior,40,M,80,11898.01,3.0,4,2,0,0,5,4.0,1,2018-05-07,2024-12-01
FUN-01066,Vendas,Júnior,42,F,6,4613.7,1.0,2,4,1,5,3,5.0,1,2024-06-04,2024-12-01
FUN-01067,RH,Gerente,28,M,7,21744.8,3.0,3,3,0,4,3,2.9,1,2024-05-05,2024-12-01
FUN-01068,RH,Júnior,41,F,50,3583.85,3.0,3,2,0,16,7,3.1,0,2020-10-23,
FUN-01069,Operações,Júnior,37,M,24,4142.08,,3,2,0,9,1,2.9,0,2022-12-12,
FUN-01070,Produto,Pleno,22,M,46,7206.11,3.0,2,2,0,10,2,4.3,0,2021-02-20,
FUN-01071,Marketing,Gerente,26,F,40,13663.98,1.0,2,3,0,4,7,3.1,1,2021-08-19,2024-12-01
FUN-01072,Financeiro,Sênior,36,F,85,10554.91,4.0,2,3,0,13,7,2.9,0,2017-12-08,
FUN-01073,Financeiro,Pleno,41,M,21,6722.93,5.0,3,4,1,5,1,4.6,0,2023-03-12,
FUN-01074,Engenharia,Sênior,41,F,96,10267.46,3.0,2,1,0,16,2,3.0,0,2017-01-12,
FUN-01075,Marketing,Sênior,29,M,40,10203.62,1.0,1,2,0,2,3,2.4,0,2021-08-19,
FUN-01076,Financeiro,Pleno,22,F,62,5954.58,5.0,4,3,1,21,7,4.5,1,2019-10-29,2024-12-01
FUN-01077,Produto,Pleno,35,M,62,6480.98,3.0,5,1,0,2,4,3.6,0,2019-10-29,
FUN-01078,Operações,Sênior,41,M,21,9698.09,2.0,5,2,0,12,3,2.9,1,2023-03-12,2024-12-01
FUN-01079,Produto,Coordenador,30,M,57,11929.08,4.0,3,2,0,2,6,3.0,1,2020-03-27,2024-12-01
FUN-01080,Produto,Sênior,33,M,53,14363.33,3.0,3,2,1,9,6,3.7,0,2020-07-25,
FUN-01081,Operações,Júnior,31,F,36,3606.7,2.0,4,2,0,3,7,4.6,1,2021-12-17,2024-12-01
FUN-01082,Produto,Júnior,38,M,30,3235.38,2.0,3,3,1,11,6,2.5,0,2022-06-15,
FUN-01083,Vendas,Júnior,34,M,40,4715.41,1.0,3,3,0,11,2,2.9,0,2021-08-19,
FUN-01084,Engenharia,Pleno,26,M,17,8488.38,3.0,2,3,1,8,7,4.0,0,2023-07-10,
FUN-01085,Suporte,Júnior,41,M,13,2909.49,3.0,2,1,0,12,5,4.3,1,2023-11-07,2024-12-01
FUN-01086,Suporte,Pleno,28,M,51,8120.25,3.0,2,4,0,5,7,3.4,0,2020-09-23,
FUN-01087,Suporte,Júnior,22,F,18,2534.51,4.0,2,5,1,5,4,4.7,0,2023-06-10,
FUN-01088,Financeiro,Júnior,26,M,75,4139.2,2.0,3,1,0,7,1,4.5,1,2018-10-04,2024-12-01
FUN-01089,Operações,Pleno,43,F,40,6195.75,2.0,1,1,1,14,6,4.5,0,2021-08-19,
FUN-01090,Financeiro,Sênior,44,F,35,7975.75,2.0,4,4,1,4,7,3.9,0,2022-01-16,
FUN-01091,Financeiro,Coordenador,32,M,36,13261.75,,1,2,1,7,4,2.3,0,2021-12-17,
FUN-01092,Financeiro,Pleno,22,F,52,6315.67,3.0,2,3,0,14,7,3.3,0,2020-08-24,
FUN-01093,Vendas,Coordenador,41,M,56,14071.15,3.0,1,2,0,13,6,4.4,0,2020-04-26,
FUN-01094,Produto,Coordenador,32,F,45,10525.05,3.0,1,2,0,18,5,2.9,0,2021-03-22,
FUN-01095,Suporte,Sênior,31,F,1,10179.17,1.0,3,4,0,9,4,2.9,0,2024-11-01,
FUN-01096,Engenharia,Sênior,34,F,4,9847.79,2.0,3,3,0,16,5,4.5,1,2024-08-03,2024-12-01
FUN-01097,RH,Pleno,38,F,22,6195.76,2.0,2,4,0,0,7,4.5,0,2023-02-10,
FUN-01098,RH,Júnior,25,F,48,3215.67,,4,2,1,17,1,3.2,0,2020-12-22,
FUN-01099,Vendas,Gerente,25,F,23,16666.42,2.0,2,1,0,5,2,3.4,0,2023-01-11,
FUN-01100,Financeiro,Júnior,31,M,17,3608.64,3.0,1,1,0,0,2,4.3,0,2023-07-10,
FUN-01101,Financeiro,Sênior,33,F,1,7410.02,3.0,4,3,0,6,6,4.9,1,2024-11-01,2024-12-01
FUN-01102,Produto,Sênior,40,M,37,11797.65,3.0,4,2,0,13,2,2.2,0,2021-11-17,
FUN-01103,Operações,Júnior,33,F,53,3974.91,2.0,2,3,0,5,6,3.8,0,2020-07-25,
FUN-01104,Suporte,Pleno,40,F,33,6231.26,3.0,3,2,1,0,3,2.4,0,2022-03-17,
FUN-01105,Suporte,Gerente,27,F,6,16800.91,,4,2,0,12,1,2.4,0,2024-06-04,
FUN-01106,Financeiro,Sênior,22,F,28,10394.72,4.0,2,2,1,1,1,2.6,1,2022-08-14,2024-12-01
FUN-01107,Financeiro,Sênior,42,M,1,12036.86,2.0,4,1,0,4,1,1.6,1,2024-11-01,2024-12-01
FUN-01108,Financeiro,Júnior,35,F,50,2928.45,,2,3,0,0,1,2.3,1,2020-10-23,2024-12-01
FUN-01109,RH,Sênior,22,M,21,9387.21,,2,1,0,13,5,3.5,0,2023-03-12,
FUN-01110,Produto,Sênior,26,M,16,11772.29,3.0,2,2,0,10,5,1.7,1,2023-08-09,2024-12-01
FUN-01111,Produto,Júnior,49,F,1,3344.99,4.0,4,1,0,4,5,3.1,1,2024-11-01,2024-12-01
FUN-01112,Engenharia,Júnior,39,F,20,3548.04,2.0,1,2,1,5,3,5.0,0,2023-04-11,
FUN-01113,Produto,Pleno,32,M,37,6620.21,5.0,3,3,1,10,2,3.5,0,2021-11-17,
FUN-01114,RH,Pleno,30,M,17,7065.46,4.0,1,5,0,2,2,2.9,0,2023-07-10,
FUN-01115,Produto,Sênior,29,M,53,8770.68,3.0,2,3,0,18,7,3.8,1,2020-07-25,2024-12-01
FUN-01116,Financeiro,Sênior,34,F,75,8356.49,3.0,1,4,0,5,6,3.4,1,2018-10-04,2024-12-01
FUN-01117,Suporte,Sênior,31,F,4,9838.02,2.0,4,3,0,16,6,2.4,0,2024-08-03,
FUN-01118,Vendas,Júnior,32,M,46,4067.86,1.0,1,2,0,15,7,5.0,1,2021-02-20,2024-12-01
FUN-01119,Produto,Sênior,24,F,1,11177.95,5.0,5,1,1,13,2,1.0,0,2024-11-01,
FUN-01120,RH,Sênior,38,M,24,11327.92,3.0,4,2,0,9,2,2.6,0,2022-12-12,
FUN-01121,Financeiro,Júnior,39,M,22,5203.01,2.0,3,2,0,11,3,5.0,0,2023-02-10,
FUN-01122,Suporte,Júnior,22,M,1,4438.86,3.0,4,5,0,1,2,3.3,0,2024-11-01,
FUN-01123,Engenharia,Sênior,34,F,7,8053.6,2.0,3,4,0,0,5,3.7,0,2024-05-05,
FUN-01124,Financeiro,Pleno,22,M,14,6618.41,2.0,4,4,0,10,4,4.1,0,2023-10-08,
FUN-01125,Marketing,Pleno,25,F,66,5965.36,3.0,2,4,0,22,2,3.3,0,2019-07-01,
FUN-01126,Operações,Coordenador,33,M,1,10861.81,2.0,2,2,0,10,4,4.0,1,2024-11-01,2024-12-01
FUN-01127,Suporte,Júnior,29,M,28,3360.59,2.0,3,3,0,12,4,3.9,1,2022-08-14,2024-12-01
FUN-01128,Financeiro,Pleno,35,M,47,5295.22,4.0,3,2,0,0,6,,0,2021-01-21,
FUN-01129,Suporte,Júnior,28,M,40,4466.48,2.0,2,1,0,7,1,4.6,0,2021-08-19,
FUN-01130,Operações,Júnior,29,F,23,3868.4,3.0,4,3,1,8,4,4.2,0,2023-01-11,
FUN-01131,RH,Pleno,32,M,38,6477.93,3.0,2,4,0,24,1,4.6,1,2021-10-18,2024-12-01
FUN-01132,Produto,Pleno,46,F,45,5188.59,3.0,3,3,0,0,7,3.7,0,2021-03-22,
FUN-01133,Marketing,Pleno,36,M,66,6011.59,5.0,4,1,0,13,7,3.5,1,2019-07-01,2024-12-01
FUN-01134,Financeiro,Júnior,31,F,16,3559.47,,5,2,0,18,6,3.7,1,2023-08-09,2024-12-01
FUN-01135,RH,Pleno,33,F,10,6719.76,3.0,3,2,0,14,2,3.9,0,2024-02-05,
FUN-01136,Marketing,Pleno,45,M,24,5057.13,2.0,5,2,0,13,4,5.0,1,2022-12-12,2024-12-01
FUN-01137,RH,Júnior,26,F,73,2500.23,3.0,4,4,1,0,4,2.7,0,2018-12-03,
FUN-01138,Operações,Júnior,28,M,55,3901.57,,2,4,0,0,3,3.1,0,2020-05-26,
FUN-01139,Financeiro,Coordenador,38,F,86,8411.7,3.0,2,3,0,3,6,3.1,0,2017-11-08,
FUN-01140,Vendas,Pleno,22,F,39,5423.58,2.0,1,1,1,5,3,4.0,0,2021-09-18,
FUN-01141,Vendas,Júnior,39,F,34,2716.97,1.0,1,5,0,13,5,3.5,1,2022-02-15,2024-12-01
FUN-01142,Operações,Coordenador,28,F,83,9606.13,2.0,1,2,0,1,7,4.4,1,2018-02-06,2024-12-01
FUN-01143,RH,Júnior,30,F,11,2994.65,2.0,2,1,0,5,6,3.4,0,2024-01-06,
FUN-01144,RH,Coordenador,35,F,71,8618.04,2.0,4,4,1,14,4,3.9,1,2019-02-01,2024-12-01
FUN-01145,Produto,Pleno,30,F,38,5854.15,4.0,3,3,0,9,4,3.6,0,2021-10-18,
FUN-01146,Operações,Gerente,33,M,12,23925.22,2.0,2,2,0,5,3,3.0,0,2023-12-07,
FUN-01147,RH,Sênior,30,F,26,8971.4,2.0,3,4,0,3,1,3.2,0,2022-10-13,
FUN-01148,Suporte,Sênior,23,M,17,12558.41,3.0,2,2,0,1,4,3.8,0,2023-07-10,
FUN-01149,Produto,Pleno,26,F,44,8487.92,1.0,3,2,0,11,7,4.3,0,2021-04-21,
FUN-01150,Suporte,Júnior,35,M,1,4651.95,3.0,4,2,0,0,1,2.8,0,2024-11-01,
FUN-01151,Financeiro,Júnior,35,F,23,2559.2,,3,1,1,4,2,3.6,0,2023-01-11,
FUN-01152,Financeiro,Júnior,32,F,42,3803.73,4.0,3,3,0,10,7,1.7,0,2021-06-20,
FUN-01153,Vendas,Pleno,29,F,1,5643.81,1.0,1,2,0,14,3,2.5,0,2024-11-01,
FUN-01154,Produto,Júnior,23,M,54,4041.02,4.0,4,2,1,12,7,4.7,0,2020-06-25,
FUN-01155,Marketing,Pleno,42,F,59,4016.5,2.0,2,1,0,0,4,4.9,0,2020-01-27,
FUN-01156,Operações,Pleno,28,M,31,7879.64,3.0,4,2,0,10,7,2.7,1,2022-05-16,2024-12-01
FUN-01157,Marketing,Sênior,27,F,49,7634.07,2.0,3,3,0,13,7,3.1,0,2020-11-22,
FUN-01158,RH,Coordenador,27,F,71,10106.36,4.0,3,3,0,3,1,4.9,0,2019-02-01,
FUN-01159,Suporte,Coordenador,23,M,19,15011.93,3.0,3,1,1,5,7,3.2,0,2023-05-11,
FUN-01160,Operações,Coordenador,28,F,27,11543.51,2.0,4,4,0,16,1,3.2,0,2022-09-13,
FUN-01161,Financeiro,Sênior,35,M,41,8002.46,5.0,3,3,0,6,5,4.5,1,2021-07-20,2024-12-01
FUN-01162,Vendas,Júnior,29,F,37,3758.85,2.0,1,2,0,9,1,,0,2021-11-17,
FUN-01163,Vendas,Sênior,34,F,66,7733.55,1.0,2,2,0,17,4,4.2,0,2019-07-01,
FUN-01164,RH,Júnior,25,M,45,2829.04,3.0,4,3,0,5,1,1.9,0,2021-03-22,
FUN-01165,Operações,Pleno,32,M,65,5577.26,4.0,3,3,0,7,5,3.7,0,2019-07-31,
FUN-01166,Marketing,Coordenador,22,M,38,13453.91,3.0,2,2,0,18,5,3.2,0,2021-10-18,
FUN-01167,Operações,Júnior,26,F,27,2372.3,4.0,5,2,0,15,6,4.2,0,2022-09-13,
FUN-01168,Vendas,Júnior,28,F,21,4532.15,1.0,1,3,0,7,4,3.5,1,2023-03-12,2024-12-01
FUN-01169,Marketing,Pleno,48,M,19,8068.14,,1,3,0,4,6,3.0,0,2023-05-11,
FUN-01170,Produto,Gerente,28,M,47,20254.97,5.0,3,3,0,18,5,3.8,0,2021-01-21,
FUN-01171,Produto,Pleno,47,M,8,6491.15,3.0,4,4,0,12,1,4.1,1,2024-04-05,2024-12-01
FUN-01172,Engenharia,Gerente,41,M,19,17896.65,4.0,3,1,0,5,7,,0,2023-05-11,
FUN-01173,Operações,Sênior,31,M,25,11461.64,3.0,3,1,1,12,3,4.5,0,2022-11-12,
FUN-01174,Vendas,Júnior,32,F,62,3213.29,1.0,2,2,0,0,2,3.6,0,2019-10-29,
FUN-01175,RH,Pleno,32,M,39,6838.25,1.0,1,2,0,18,4,4.8,1,2021-09-18,2024-12-01
FUN-01176,RH,Sênior,23,F,27,7358.28,3.0,3,5,1,11,4,3.0,0,2022-09-13,
FUN-01177,Suporte,Pleno,35,M,51,6978.58,3.0,4,3,0,8,3,3.7,1,2020-09-23,2024-12-01
FUN-01178,Financeiro,Coordenador,30,F,66,12564.21,3.0,2,4,0,11,7,2.6,0,2019-07-01,
FUN-01179,Produto,Gerente,30,M,46,17399.1,2.0,3,3,0,7,6,3.9,0,2021-02-20,
FUN-01180,Operações,Pleno,27,M,1,5906.42,2.0,1,1,1,14,6,4.3,0,2024-11-01,
FUN-01181,Produto,Gerente,35,M,19,23093.89,,3,2,0,10,6,5.0,0,2023-05-11,
FUN-01182,Financeiro,Sênior,35,M,70,12347.39,4.0,3,2,0,6,7,4.3,1,2019-03-03,2024-12-01
FUN-01183,Engenharia,Pleno,34,M,35,7506.94,3.0,2,1,0,4,2,1.7,0,2022-01-16,
FUN-01184,Engenharia,Pleno,34,F,23,6078.95,2.0,3,2,0,15,5,2.4,0,2023-01-11,
FUN-01185,Suporte,Pleno,26,F,47,5255.31,3.0,4,3,0,15,3,2.6,0,2021-01-21,
FUN-01186,Vendas,Júnior,28,M,1,3908.77,1.0,1,3,0,0,1,3.1,1,2024-11-01,2024-12-01
FUN-01187,Marketing,Pleno,29,F,61,7765.2,4.0,3,2,0,12,4,4.7,0,2019-11-28,
FUN-01188,Engenharia,Pleno,32,F,22,6352.72,2.0,3,1,1,13,2,3.3,0,2023-02-10,
FUN-01189,Marketing,Pleno,40,F,81,7359.57,4.0,3,3,0,3,5,3.2,0,2018-04-07,
FUN-01190,Financeiro,Júnior,27,M,3,4380.73,3.0,4,2,0,7,1,3.4,1,2024-09-02,2024-12-01
FUN-01191,RH,Júnior,23,M,16,3561.74,3.0,1,3,0,7,2,3.8,1,2023-08-09,2024-12-01
FUN-01192,Financeiro,Júnior,38,F,76,3628.87,4.0,3,3,0,15,5,3.9,0,2018-09-04,
FUN-01193,Produto,Pleno,35,M,13,7592.47,,4,2,0,7,3,3.9,0,2023-11-07,
FUN-01194,Produto,Júnior,36,F,47,3547.66,3.0,3,3,0,16,1,3.3,0,2021-01-21,
FUN-01195,Suporte,Sênior,41,F,7,10575.26,2.0,3,1,0,7,5,3.7,0,2024-05-05,
FUN-01196,Produto,Pleno,44,F,35,6308.09,2.0,4,3,1,12,5,4.5,0,2022-01-16,
FUN-01197,Engenharia,Pleno,49,F,45,5812.93,4.0,2,2,0,5,4,2.2,0,2021-03-22,
FUN-01198,Operações,Pleno,47,M,35,7266.7,2.0,3,4,0,2,4,3.2,0,2022-01-16,
FUN-01199,Operações,Coordenador,36,F,47,11063.01,4.0,2,3,1,11,2,4.2,0,2021-01-21,
FUN-01200,Vendas,Coordenador,23,F,11,14809.46,1.0,3,4,0,1,1,3.2,0,2024-01-06,
